First Name,Last Name,Grade,Household1 AddressLine1,Household1 City,Bus?,Bus Provider?,Kensington Route,Household1 State,Household1 Zip,Household2 AddressLine1,Household2 AddressLine2,Household2 City,Household2 State,Household2 ZipKyle,Aanstoots,10,36 Highmount Ave,Warren,,,,NJ,07059-5474,,,,,Zachary,Aanstoots,11,36 Highmount Ave,Warren,,,,NJ,07059-5474,,,,,Zara,Abbasi,3,11 Woodfield Dr,Short Hills,,,,NJ,07078-1609,,,,,Zoya,Abbasi,K,11 Woodfield Dr,Short Hills,,,,NJ,07078-1609,,,,,Adan Jacob,Abdi,6,22 Lenox Pl,Maplewood,,,,NJ,07040-2518,,,,,Anthony,Acciani,9,166 Mountainview Rd,Warren,,,,NJ,07059-5035,,,,,Luke,Ackerman,10,56 Walsingham Rd,Mendham,,,,NJ,07945-1827,,,,,Edward,Acosta,11,11 Perry Rd,Annandale,,,,NJ,08801-2048,,,,,Giancarlo,Acosta,6,553 Mine Brook Rd,Bernardsville,,,,NJ,07924-1913,,,,,Isabella,Acosta Jimenez,9,553 Mine Brook Rd,Bernardsville,,,,NJ,07924-1913,,,,,Sia,Agarwala,2,1376 Plymouth Rd,Bridgewater,YES,Kensington,Shuttle- BR,NJ,08807-1410,,,,,Simran,Agarwala,4,1376 Plymouth Rd,Bridgewater,YES,Kensington,Shuttle- BR,NJ,08807-1410,,,,,Arnav,Agrawal,11,92 Main St,Metuchen,,,,NJ,08840-2740,,,,,Alexy,Alin-Hvidsten,11,38 Rolling Hill Dr,Chatham,YES,Kensington,1,NJ,07928-1643,,,,,Ariella,Allariez,2,1 Hurley Ave,North Plainfield,,,,NJ,07060-4402,,,,,Tomas,Allariez,K,1 Hurley Ave,North Plainfield,,,,NJ,07060-4402,,,,,Reid,Allinson,12,38 Templar Way,Summit,,,,NJ,07901-3721,,,,,Alexandra,Alston,5,21 Linvale Ln,Bridgewater,YES,Kensington,Shuttle- BR,NJ,08807-2351,,,,,Josephine,Alston,8,21 Linvale Ln,Bridgewater,YES,Kensington,Shuttle- BR,NJ,08807-2351,,,,,Leela,Amarasiri,6,44 Eagle Nest Rd,Morristown,,,,NJ,07960-6421,,,,,Stamati,Angelides,9,728 Saunders Ave,Westfield,YES,UCESC,,NJ,07090-1928,,,,,Dylan,Anidjar,9,3D Foley Sq,New Providence,,,,NJ,07974-2619,,,,,Clayton,Annis,6,PO Box 624 84 Willow Avenue,Peapack,,,,NJ,07977-0624,,,,,John,Annis,6,PO Box 624 84 Willow Avenue,Peapack,,,,NJ,07977-0624,,,,,Amir,Arnold,9,200 Weequahic Ave,Newark,YES,Kensington,10,NJ,07112-1730,,,,,Catherine,Arrazcaeta,3,1 Deer Ridge Rd,Basking Ridge,YES,Kensington,Shuttle- BR,NJ,07920-3404,,,,,Celia,Arrazcaeta,3,1 Deer Ridge Rd,Basking Ridge,YES,Kensington,Shuttle- BR,NJ,07920-3404,,,,,Ryan,Arrazcaeta,7,1 Deer Ridge Rd,Basking Ridge,,,,NJ,07920-3404,,,,,Lily,Arrom,8,131 Smoke Rise Dr,Warren,,,,NJ,07059-6824,,,,,Taylor,Aska,4,50 Warren Rd,West Orange,,,,NJ,07052-1636,,,,,Emily Marie,Atienza,2,355 Grove Rd,South Orange,,,,NJ,07079-2460,,,,,Jannah,Attia,K,50 Barnsdale Rd,Short Hills,,,,NJ,07078-2066,,,,,Mazin,Attia,6,50 Barnsdale Rd,Short Hills,,,,NJ,07078-2066,,,,,Sofjan,Attia,3,50 Barnsdale Rd,Short Hills,,,,NJ,07078-2066,,,,,Naiyah,Atulomah,11,4 Toad Hill Rd,Califon,,,,NJ,07830-4370,,,,,Jake,Austin,10,50 Stone Fence Rd,Bernardsville,,,,NJ,07924-1731,,,,,Shail,Avasthi,10,35 Geiger Ln,Warren,,,,NJ,07059-5641,,,,,Helen,Baeck-Hubloux,9,31 Old Glen Rd,Morristown,YES,MCESC,,NJ,07960-6149,,,,,Jillian,Bahr,10,165 Asbury West Portal Rd,Asbury,,,,NJ,08802-1130,,,,,Christian,Balmir,1,50 Blanchard Rd,South Orange,,,,NJ,07079-1341,,,,,Jordan,Balmir,2,50 Blanchard Rd,South Orange,,,,NJ,07079-1341,,,,,Chase,Barnes,10,48 Stanley Rd,South Orange,,,,NJ,07079-2722,,,,,Jaidyn,Barnes,5,206 Woodland Ave,East Orange,,,,NJ,07017-2026,,,,,Samantha,Barr,7,20 Woodcrest Ave,Short Hills,YES,Kensington,Shuttle- SH,NJ,07078-2124,,,,,Tanner,Barr,4,20 Woodcrest Ave,Short Hills,,,,NJ,07078-2124,,,,,Benjamin,Barral,11,399 Claremont Road,Bernardsville,,,,NJ,07924,,,,,Grace,Barral,7,399 Claremont Road,Bernardsville,,,,NJ,07924,,,,,Emma,Barrison,9,115 Scott Dr,Watchung,,,,NJ,07069-6315,,,,,Jayden,Battles-Cobb,3,1948 Oakwood Pkwy,Union,,,,NJ,07083-5412,,,,,Jia,Battles-Cobb,K,1948 Oakwood Pkwy,Union,,,,NJ,07083-5412,,,,,Alenna,Baudin,1,292 Turrell Ave,South Orange,,,,NJ,07079-2330,,,,,Jared,Baudin,4,292 Turrell Ave,South Orange,,,,NJ,07079-2330,,,,,Jack,Baulig,10,3 Washington Dr,Madison,YES,Kensington ,1,NJ,07940-2626,,,,,Joshua,Baum,12,60 Woodcrest Ave,Short Hills,,,,NJ,07078-2124,,,,,Emily,Baydin,K,71 Primrose Trl,Morristown,,,,NJ,07960-6757,,,,,Layla,Baydin,3,71 Primrose Trl,Morristown,,,,NJ,07960-6757,,,,,Annaya,Baynes,10,1032 Gifford Ct Fl 1,Union,YES,Kensington,6,NJ,07083-6801,,,,,Christian,Baynes,K,1032 Gifford Ct Fl 1,Union,,,,NJ,07083-6801,,,,,Nolan,Baynes II,8,24 Grand View Ave,West Orange,,,,NJ,07052-3923,,,,,Dwayne,Bazil,6,193 Isabella Ave,Irvington,YES,Kensington,9,NJ,07111-2701,105 Isabella Ave,,Newark,NJ,07106-2028John,Beacham,9,36 Park Pl,Short Hills,,,,NJ,07078-2841,,,,,Alexandra,Beard,10,17 Kensington Ct,Warren,,,,NJ,07059-5058,,,,,Connor,Beard,12,17 Kensington Ct,Warren,,,,NJ,07059-5058,,,,,Ellen,Beatty,12,122 N Euclid Ave,Westfield,YES,UCESC,,NJ,07090-2427,,,,,Joseph,Beatty,10,122 N Euclid Ave,Westfield,YES,UCESC,,NJ,07090-2427,,,,,Rose,Beatty,12,122 N Euclid Ave,Westfield,YES,UCESC,,NJ,07090-2427,,,,,Abigail,Beckmen,10,14 Gloucester Rd,Summit,YES,Kensington,Summit Co-Op,NJ,07901-3023,,,,,Andrew,Beckmen,10,14 Gloucester Rd,Summit,YES,Kensington,Summit Co-Op,NJ,07901-3023,,,,,Ouarida,Benatia,11,1608 Sun Valley Way,Florham Park,YES,Kensington,13,NJ,07050-2698,,,,,Brian,Benson,10,171 W End Ave,North Plainfield,YES,Kensington,11,NJ,07060-4556,,,,,Samuel,Benton,7,16 Rustic Ridge Rd,Randolph,,,,NJ,07869-2424,,,,,Miroslav,Bergam,10,10 Fox Hill Ln,Short Hills,YES,Millburn BOE,,NJ,07078-1602,,,,,Noah,Bergam,8,10 Fox Hill Ln,Short Hills,YES,Millburn BOE,,NJ,07078-1602,,,,,Abigail,Berger,10,25 Mc Intire Dr,Hillsborough,,,,NJ,08844-2244,,,,,Emily,Berger,7,25 Mc Intire Dr,Hillsborough,,,,NJ,08844-2244,,,,,James,Bergman,6,334 White Oak Ridge Rd,Short Hills,YES,Millburn BOE,,NJ,07078-1158,334 White Oak Ridge Rd,,Short Hills,NJ,07078-1158Alice,Berndt,11,89 Durand Rd,Maplewood,,,,NJ,07040-2103,,,,,Lucy,Berndt,9,89 Durand Rd,Maplewood,,,,NJ,07040-2103,,,,,Adam,Bernstein,12,226 Summit Ave,Summit,,,,NJ,07901-2202,,,,,Lailah,Berry,7,14 Marshall St Apt 10K,Irvington,YES,Kensington,10,NJ,07111-8634,,,,,Amar,Bhan,3,1 South Ter,Short Hills,,,,NJ,07078-2248,,,,,Zala,Bhan,6,1 South Ter,Short Hills,,,,NJ,07078-2248,,,,,Dilan,Bhat,9,68 Laura Dr,Gillette,,,,NJ,07933-2100,,,,,Jaymin,Bhat,6,68 Laura Dr,Gillette,,,,NJ,07933-2100,,,,,Noopur,Bhatt,9,1 Oakwood Ct,Whippany,,,,NJ,07981-1191,,,,,Krish,Bhavnani,11,25 Springdale Ln,Warren,,,,NJ,07059-7139,,,,,Henry,Biedron,12,PO Box 93,Pottersville,,,,NJ,07979-0093,PO Box 327,,Oldwick,NJ,08858-0327Martine,Bigos,7,55 Bellevue Ave,Summit,YES,Kensington,Summit Co-Op,NJ,07901-2007,,,,,Gabrielle,Billington,9,501 Belle Glade Ct,Branchburg,,,,NJ,08853-4192,,,,,Naomi,Billups,4,8203 Hampton Ct,Randolph,YES,Kensington,Shuttle- BR,NJ,07869-5206,,,,,Israel,Billups,7,8203 Hampton Ct,Randolph,,,,NJ,07869-5206,,,,,Ramses,Binns,4,981 Tullo Farm Rd,Bridgewater,YES,Kensington,Shuttle- BR,NJ,08807-2374,,,,,Adom,Binns,7,981 Tullo Farm Rd,Bridgewater,,,,NJ,08807-2374,,,,,Jahnai,Binns,12,981 Tullo Farm Rd,Bridgewater,,,,NJ,08807-2374,,,,,Patrick,Birotte,9,71 Bissell Rd,Lebanon,,,,NJ,08833-4433,,,,,Allyson,Bisgay,12,14 Nichols Ct,Fanwood,,,,NJ,07023-1339,,,,,Jason,Bisgay,10,14 Nichols Ct,Fanwood,,,,NJ,07023-1339,,,,,Sandeep,Biswas,12,5 Brantwood Ter,Short Hills,YES,Millburn BOE,,NJ,07078-1814,,,,,Sanjana,Biswas,8,5 Brantwood Ter,Short Hills,YES,Millburn BOE,,NJ,07078-1814,,,,,Alec,Bliemel,9,52 Dale Dr,Chatham,YES,Kensington,1,NJ,07928-1639,,,,,Ethan,Blum,12,127 Mountain Ave,Summit,,,,NJ,07901-3421,,,,,Nathaniel,Blum,5,127 Mountain Ave,Summit,YES,Kensington,Summit Co-Op,NJ,07901-3421,,,,,Jack,Blumberg,3,106 Annin Rd,Far Hills,YES,Kensington,Shuttle- BR,NJ,07931-2502,,,,,Lucas,Blumberg,1,106 Annin Rd,Far Hills,YES,Kensington,Shuttle- BR,NJ,07931-2502,,,,,Douglas,Bonner,4,5 Cherry Ln,Westfield,,,,NJ,07090-2344,,,,,Elizabeth,Bonner,6,5 Cherry Ln,Westfield,YES,UCESC,,NJ,07090-2344,,,,,William,Boone,12,1 Larson Ln,Warren,,,,NJ,07059-5004,,,,,Rikki,Borkowski,12,55 Dale Dr,Chatham,,,,NJ,07928-1637,,,,,Ethan,Boroditsky,5,23 Eggers Ct,Summit,,,,NJ,07901-6700,,,,,Aidan,Boylan,8,6 Charlotte Hill Dr,Bernardsville,,,,NJ,07924-2000,,,,,Ryan,Boylan,12,6 Charlotte Hill Dr,Bernardsville,,,,NJ,07924-2000,,,,,Alexandra,Brauer,11,8 Cromwell Ln,Mendham,,,,NJ,07945-2703,,,,,Elle,Braverman,11,14 Westwood Ct,Warren,,,,NJ,07059-2704,,,,,Nicolette,Brigante,9,54 Old Somerset Rd,Watchung,,,,NJ,07069-6058,,,,,Alejandro,Briones,10,55 Pleasantville Rd,New Vernon,YES,MCESC,,NJ,07976-9712,,,,,Daniella,Briones,1,55 Pleasantville Rd,New Vernon,,,,NJ,07976-9712,,,,,Isabella,Briones,7,55 Pleasantville Rd,New Vernon,YES,MCESC,,NJ,07976-9712,,,,,Sofia,Briones,12,55 Pleasantville Rd,New Vernon,YES,MCESC,,NJ,07976-9712,,,,,Henri,Brisson,1,110 Barchester Way,Westfield,,,,NJ,07090-3706,,,,,William,Brisson,3,110 Barchester Way,Westfield,,,,NJ,07090-3706,,,,,Andrew,Brosie,12,PO Box 68,New Vernon,,,,NJ,07976-0068,,,,,Alaina,Brotman,12,544 Lenox Ave,Westfield,YES,UCESC,,NJ,07090-2159,,,,,Marcus,Brotman,8,544 Lenox Ave,Westfield,YES,UCESC,,NJ,07090-2159,,,,,Paul,Brotman,10,544 Lenox Ave,Westfield,YES,UCESC,,NJ,07090-2159,,,,,Kamal,Brown,10,12 Lawndale Ave,Morristown,YES,Kensington,12,NJ,07960-3514,,,,,Kierstyn,Brown,9,12 Lawndale Ave,Morristown,YES,Kensington,12,NJ,07960-3514,,,,,Grace,Brown,10,160 Gallows Hill Rd,Westfield,YES,UCESC,,NJ,07090-1108,,,,,William,Bugliari,9,34 Dellwood Dr,Madison,,,,NJ,07940-2704,,,,,Ava,Builione,3,250 Hartshorn Dr,Short Hills,,,,NJ,07078-1914,,,,,Isabella,Builione,1,250 Hartshorn Dr,Short Hills,,,,NJ,07078-1914,,,,,Sophia,Builione,5,250 Hartshorn Dr,Short Hills,,,,NJ,07078-1914,,,,,Jacob,Bulbulia,9,201 Hobart Ave,Short Hills,YES,Kensington,Shuttle- SH,NJ,07078-2803,,,,,Samantha,Burak,9,51 Bristol Ct,Berkeley Heights,,,,NJ,07922-1306,,,,,Giles,Burnett,7,11 Hexham Dr,Somerset,,,,NJ,08873-4746,,,,,Ryan,Burns,6,2218 Old Farm Rd,Scotch Plains,YES,UCESC,,NJ,07076-2157,,,,,Ryan,Bush,9,100 Whittredge Rd,Summit,YES,Kensington,Summit Co-Op,NJ,07901-3737,,,,,Sophia Lynn,Camara,2,74 Duval St,Bridgewater,YES,Kensington,Shuttle- BR,NJ,08807-2626,,,,,Thomas,Campbell,10,231 Crystal Ter,Hillside,YES,Kensington,6,NJ,07205-3101,,,,,Cameron,Campbell,12,17 Church Rd,Hackettstown,,,,NJ,07840-5635,,,,,Elspeth,Campbell,7,12 Bound Brook Ave,Piscataway,,,,NJ,08854-4015,,,,,Kelly,Cao,5,54 Merrywood Ln,Short Hills,,,,NJ,07078-2220,,,,,Siyu,Cao,12,4 Deauville Dr,Parsippany,,,,NJ,07054-4012,,,,,Emma,Capanna,9,20 Wildwood Ln,Summit,YES,Kensington,Summit Co-Op,NJ,07901-2209,,,,,William,Capanna,11,20 Wildwood Ln,Summit,,,,NJ,07901-2209,,,,,Hailey,Caputo,4,128 Patriot Hill Dr,Basking Ridge,YES,Kensington,Shuttle- BR,NJ,07920-4216,71 Autumn Dr,,Basking Ridge,NJ,07920-2102Courtney,Caputo,6,128 Patriot Hill Dr,Basking Ridge,,,,NJ,07920-4216,71 Autumn Dr,,Basking Ridge,NJ,07920-2102Jessica,Carvelli,11,14 Craig Rd,Morristown,,,,NJ,07960-3220,,,,,Giancarlo Emmanuel,Castillo,11,89 Butler Pkwy,Summit,YES,Kensington,Summit Co-Op,NJ,07901-1614,,,,,Luke,Cela,6,11 Hoskier Rd,South Orange,,,,NJ,07079-1032,,,,,Amanda,Celli,12,6 Orchard Rd,Florham Park,,,,NJ,07932-2513,,,,,Hailey,Cernuto,11,19 Wolf Hill Ter,Martinsville,,,,NJ,08836-2058,,,,,Benjamin,Chaddha,8,55 Candlewood Dr,New Providence,YES,Kensington,Summit Co-Op,NJ,07974-1614,,,,,Ella,Chan,K,7 Fox Hill Ln,Short Hills,,,,NJ,07078-1652,,,,,Monica,Chan,8,9 Jodi Ln,Chatham,YES,Kensington,1,NJ,07928-1051,,,,,Renee,Chan,9,6 Lenape Rd,Short Hills,YES,Millburn BOE,,NJ,07078-1212,,,,,Jacqueline,Chang,11,5 Raspberry Trl,Warren,,,,NJ,07059-7053,,,,,Alyssa,Chen,11,25 E Cheryl Rd,Pine Brook,,,,NJ,07058-9427,,,,,Connor,Chen,7,11 Renee Ct,Edison,,,,NJ,08820-3634,,,,,Eddy,Chen,4,4 Eton Rd,Livingston,,,,NJ,07039-5123,,,,,Eric,Chen,2,125 Beaufort Ave,Livingston,,,,NJ,07039-1712,,,,,Evan,Chen,3,4 Eton Rd,Livingston,,,,NJ,07039-5123,,,,,Isabelle,Chen,4,11 Renee Ct,Edison,,,,NJ,08820-3634,,,,,Jonathan,Chen,10,47 Manger Rd,Cedar Knolls,,,,NJ,07927-1509,,,,,Rachel,Chen,11,17 Washington St,Florham Park,,,,NJ,07932-2516,,,,,Raymond,Chen,11,59 Blazier Rd,Martinsville,,,,NJ,08836-2040,,,,,Vicky,Chen,10,17 Waverly Pl,Basking Ridge,,,,NJ,07920-4251,,,,,Dylan,Cheng,11,67 Geiger Ln,Warren,,,,NJ,07059-6949,,,,,Lindsay,Cheng,9,67 Geiger Ln,Warren,,,,NJ,07059-6949,,,,,Alexander,Chiang,9,15 Deanna Dr,East Hanover,YES,Kensington,4,NJ,07936-3206,,,,,Kayla,Chin,2,76 Jefferson Ave,Short Hills,,,,NJ,07078-3236,,,,,Alisa,Chokshi,10,95 Farley Rd,Short Hills,YES,Millburn BOE,,NJ,07078-2136,,,,,Alberto,Choussy,10,15 Silver Lake Dr,Summit,YES,Kensington,Summit Co-Op,NJ,07901-3233,,,,,Benjamin,Chung,4,21 Hadrian Dr,Livingston,,,,NJ,07039-3419,,,,,Chloe,Chung,7,21 Hadrian Dr,Livingston,,,,NJ,07039-3419,,,,,Ethan,Chung,11,21 Hadrian Dr,Livingston,,,,NJ,07039-3419,,,,,Anthony,Cieslak,5,42 Berkley Ave,Colonia,,,,NJ,07067-2830,,,,,Alivia,Clark,7,10 Jade Meadow Dr,Springfield,,,,NJ,07081-3025,,,,,Stuart,Clark,9,31 Hemlock Rd,Short Hills,YES,Millburn BOE,,NJ,07078-2205,,,,,Harper,Cohen,8,32 Radtke Rd,Randolph,,,,NJ,07869-3849,,,,,Henry,Cohen,11,291 Millburn Ave Apt 5,Millburn,YES,Millburn BOE,,NJ,07041-1636,76 Troy Dr,,Short Hills,NJ,07078-1366Talia,Cohen,5,32 Radtke Rd,Randolph,,,,NJ,07869-3849,,,,,Christian,Colella,8,73 Walsingham Rd,Mendham,,,,NJ,07945-1847,,,,,Aimee,Composto,9,18 Burnett Brook Dr,Mendham,,,,NJ,07945-2101,,,,,Larry,Cook,5,32 Hobart Ave,Summit,,,,NJ,07901-3619,,,,,Thomas,Cook,2,32 Hobart Ave,Summit,,,,NJ,07901-3619,,,,,Tracy,Cooper,12,32 Kahdena Rd,Morristown,,,,NJ,07960-3523,,,,,Charles,Cooperman,6,240 Post Rd,Bernardsville,,,,NJ,07924-1521,,,,,Megan,Cowan,9,37 Cross Gates Rd,Madison,YES,MCESC,,NJ,07940-2648,,,,,Andrew,Cowen,10,PO Box 80,New Vernon,YES,MCESC,,NJ,07976-0080,,,,,Ethan,Cowen,4,PO Box 80,New Vernon,,,,NJ,07976-0080,,,,,Jennifer,Coyne,11,43 Ogden Pl,Morristown,,,,NJ,07960-5248,,,,,Mia,Cuiffo,4,6 Barberry Row,Chester,,,,NJ,07930-3007,,,,,Olivia,Cuiffo,K,6 Barberry Row,Chester,,,,NJ,07930-3007,,,,,Sophia,Cuiffo,2,6 Barberry Row,Chester,,,,NJ,07930-3007,,,,,James,Cummings,9,PO Box 7,New Vernon,YES,MCESC,,NJ,07976-0007,,,,,Josephine,Cummings,11,PO Box 7,New Vernon,YES,MCESC,,NJ,07976-0007,,,,,Charlotte,Cundey,3,1000 Barnegat Ln,Mantoloking,,,,NJ,08738-1702,,,,,Miles,Cundey,1,1000 Barnegat Ln,Mantoloking,,,,NJ,08738-1702,,,,,Pilar,Cundey,6,1000 Barnegat Ln,Mantoloking,YES,Kensington,Summit Co-Op,NJ,08738-1702,,,,,Bobby,Cunningham,7,43 Highwood Rd,West Orange,,,,NJ,07052-4000,,,,,Charlotte,Curnin,12,111 Emily Rd,Far Hills,,,,NJ,07931-2580,,,,,Stephen,Daigle,12,14 Twombly Dr,Summit,,,,NJ,07901-3027,,,,,Caroline,Dannenbaum,9,40 Wildwood Ln,Summit,,,,NJ,07901-2209,,,,,Julia,Dannenbaum,12,40 Wildwood Ln,Summit,,,,NJ,07901-2209,,,,,Praesana,Danner,10,316 Walnut St,Nutley,,,,NJ,07110-1815,,,,,Namita,Davey,11,16 Whispering Way,Warren,,,,NJ,07059-5637,,,,,Hodiah,Davidson,10,71 S Orange Ave Ste 195,South Orange,,,,NJ,07079-1715,,,,,Lloyd-James,Davidson,12,71 S Orange Ave Ste 195,South Orange,,,,NJ,07079-1715,,,,,Hanna,Davis,10,50 Oxbow Ln,Summit,YES,Kensington,Summit Co-Op,NJ,07901-2216,,,,,Sara,Davis,9,10 Tall Timber Dr,Califon,,,,NJ,07830-3522,,,,,Sydney,Davis,11,10 Tall Timber Dr,Califon,,,,NJ,07830-3522,,,,,Jacklyn,Daynovsky,5,39 Scarsdale Dr,Livingston,,,,NJ,07039-1338,,,,,Aiden,de Asla,5,36 Carriage Way,Basking Ridge,YES,Kensington,Shuttle- BR,NJ,07920-2541,,,,,Alexandra,de Asla,7,36 Carriage Way,Basking Ridge,,,,NJ,07920-2541,,,,,Sophia,Deeney,5,14 Whitenack Rd,Califon,YES,Kensington,Shuttle- BR,NJ,07830-3343,,,,,Katerina,Deliargyris,10,29 Pacer Ct,Basking Ridge,,,,NJ,07920-3435,,,,,Nikolaos,Deliargyris,6,29 Pacer Ct,Basking Ridge,,,,NJ,07920-3435,,,,,Jiya,Desai,4,56 Blazier Rd,Martinsville,YES,Kensington,Shuttle- BR,NJ,08836-2041,,,,,Tessia,Detore,11,15 Hobart Rd,Summit,YES,Kensington,Summit Co-Op,NJ,07901-2929,,,,,Isabel,DeVito,10,1606 Frase St,South Plainfield,YES,Kensington,11,NJ,07080-2136,,,,,Natalie,DeVito,7,1606 Frase St,South Plainfield,YES,Kensington,11,NJ,07080-2136,,,,,Kaitlyn,Devito,7,17 Granville Way,Basking Ridge,,,,NJ,07920-2546,10 Trinity Pl,,Warren,NJ,07059-6771Katherine,Devlin,1,309 N Union Ave,Cranford,,,,NJ,07016-2414,,,,,Myles,Devlin,3,309 N Union Ave,Cranford,,,,NJ,07016-2414,,,,,Avery,Didden,10,12 Hartley Farms Rd,Morristown,YES,MCESC,,NJ,07960-7045,,,,,Carson,Didden,5,12 Hartley Farms Rd,Morristown,,,,NJ,07960-7045,,,,,James,Didden,8,12 Hartley Farms Rd,Morristown,YES,MCESC,,NJ,07960-7045,,,,,William,DiGrande,12,10 Orchard Way,Warren,,,,NJ,07059-5056,,,,,Aidan,Dillon,11,63 Peachtree Rd,Basking Ridge,,,,NJ,07920-1510,,,,,Francis,Dillon,12,63 Peachtree Rd,Basking Ridge,,,,NJ,07920-1510,,,,,Hannah,Dillon,9,63 Peachtree Rd,Basking Ridge,,,,NJ,07920-1510,,,,,David,Dine,K,6 Laurel Pl,Glen Ridge,,,,NJ,07028-1511,,,,,Matthew,Dispenza,9,144 Lincoln Rd,Westfield,YES,UCESC,,NJ,07090-3902,,,,,Luciana,DiTosto,3,15 Brooklawn Dr,Short Hills,,,,NJ,07078-2104,,,,,Serena,DiTosto,K,15 Brooklawn Dr,Short Hills,,,,NJ,07078-2104,,,,,Zachary,Dobson,10,95 Annin Rd,Far Hills,,,,NJ,07931-2504,,,,,Calvary,Dominique,11,28 Lawrence Ave,West Orange,YES,Kensington,6,NJ,07052-4308,,,,,Liam,Donohue,6,28 Normandy Pkwy,Morristown,,,,NJ,07960-5718,,,,,Sara,Donovan,11,10 Fairview Ave,Summit,YES,Kensington,Summit Co-Op,NJ,07901-1728,,,,,Rajeev,Doraswamy,10,39 Delwick Ln,Short Hills,YES,Millburn BOE,,NJ,07078-2078,,,,,Ram,Doraswamy,7,39 Delwick Ln,Short Hills,YES,Millburn BOE,,NJ,07078-2078,,,,,Patrick,Doyle,6,296 Summit Ave,Summit,YES,Kensington,Summit Co-Op,NJ,07901-2207,,,,,Wiltshire,Doyle,5,296 Summit Ave,Summit,,,,NJ,07901-2207,,,,,James,Draper,3,108 Old Driftway Ln,Califon,,,,NJ,07830-3045,,,,,James,Draper,9,5 Cherry Ln,Westfield,YES,UCESC,,NJ,07090-2344,,,,,Serena,Droste,4,30 Stacy Ln,Basking Ridge,YES,Kensington,Shuttle- BR,NJ,07920-2025,,,,,Alexandra,Drovetsky,6,929 Vosseller Ave,Martinsville,,,,NJ,08836-2389,,,,,Catherine,Drovetsky,11,929 Vosseller Ave,Martinsville,,,,NJ,08836-2389,,,,,Joei,Drozjock,11,20 Farmersville Rd,Califon,,,,NJ,07830-3303,,,,,Rylie,Drozjock,9,20 Farmersville Rd,Califon,,,,NJ,07830-3303,,,,,Emma,Drzala,7,50 Ravenswood Dr,Morristown,,,,NJ,07960-6470,,,,,Isabella,Drzala,10,50 Ravenswood Dr,Morristown,,,,NJ,07960-6470,,,,,Lauren,Drzala,8,50 Ravenswood Dr,Morristown,,,,NJ,07960-6470,,,,,Thomas,Drzik,10,3 Westminster Rd,Mendham,,,,NJ,07945-3108,,,,,Edward,Dugan,12,330 Hillside Ave,Westfield,,,,NJ,07090-2901,,,,,Ian,Dugan,10,330 Hillside Ave,Westfield,,,,NJ,07090-2901,,,,,Jill,Dugan,8,36 Edgewood Rd,Summit,YES,Kensington,Summit Co-Op,NJ,07901-3988,,,,,Thomas,Dugan,11,36 Edgewood Rd,Summit,YES,Kensington,Summit Co-Op,NJ,07901-3988,,,,,Taylor,Dupree,12,2 Plum Tree Ln,Somerset,YES,Kensington,11,NJ,08873-5231,,,,,Spencer,Duryee,12,6 Winterberry Ct,Whitehouse Station,,,,NJ,08889-3375,,,,,Ava,Dziadzio,10,69 Roebling Rd,Bernardsville,,,,NJ,07924-1419,,,,,Alieu,Ebo,3,375 South St,New Providence,,,,NJ,07974-2159,,,,,Mohammed,Ebo,6,375 South St,New Providence,,,,NJ,07974-2159,,,,,Colin,Edwards,11,200 Post Kennel Rd,Far Hills,,,,NJ,07931-2409,,,,,Jadon,Edwards,8,227 Jefferson Ave,Westfield,YES,UCESC,,NJ,07090-1912,,,,,Adam,Elayan,5,1286 Oxford Rd,Bridgewater,YES,Kensington,Shuttle- BR,NJ,08807-1424,,,,,Leila,Elayan,7,1286 Oxford Rd,Bridgewater,,,,NJ,08807-1424,,,,,Alexis,Elliot,11,2 Ford Ln,Roseland,YES,Kensington,5,NJ,07068-1419,,,,,Andrew,Elliott,7,20 Charlotte Hill Dr,Bernardsville,,,,NJ,07924-2000,,,,,Jack,Elliott,8,20 Charlotte Hill Dr,Bernardsville,,,,NJ,07924-2000,,,,,Ainsley,Ellison,7,525 Wychwood Rd,Westfield,YES,UCESC,,NJ,07090-2360,,,,,Corbey,Ellison,9,525 Wychwood Rd,Westfield,YES,UCESC,,NJ,07090-2360,,,,,Micah,Elwyn,8,20 Beach Pl,Maplewood,,,,NJ,07040-1241,57 Cedar St,,Millburn,NJ,07041-2001Noah,Elwyn,5,20 Beach Pl,Maplewood,,,,NJ,07040-1241,57 Cedar St,,Millburn,NJ,07041-2001Talia,Elwyn,3,20 Beach Pl,Maplewood,,,,NJ,07040-1241,57 Cedar St,,Millburn,NJ,07041-2001Udochi,Emeghara,10,260 Conklin Ave,Hillside,YES,Kensington,10,NJ,07205-1447,,,,,Elliott,Eng,3,39 Tempe Wick Rd,Mendham,,,,NJ,07945-3223,,,,,Julia,Eng,5,39 Tempe Wick Rd,Mendham,,,,NJ,07945-3223,,,,,Luke,Engelke,7,751 Prospect St,Westfield,YES,UCESC,,NJ,07090-3927,,,,,George,Enman,11,2 Oxbow Ln,Summit,,,,NJ,07901-2204,,,,,Andrew,Epifano,12,824 Summit Ridge Dr,Bridgewater,,,,NJ,08807-1870,,,,,Jonathan,Epifano,11,824 Summit Ridge Dr,Bridgewater,,,,NJ,08807-1870,,,,,Alexander,Estey,5,44 Spring Valley Rd,Morristown,,,,NJ,07960-7096,,,,,Anna,Facciani,K,25 Ferndale Rd,Madison,,,,NJ,07940-1405,,,,,Lily,Facciani,K,25 Ferndale Rd,Madison,,,,NJ,07940-1405,,,,,Joseph,Faccone,9,4 Rose Ct,Warren,,,,NJ,07059-5779,,,,,Griffin,Faecher,7,107 Emerson Ln,Berkeley Heights,,,,NJ,07922-2409,,,,,John (goes by Jack),Fahey,8,76 Hill and Dale Rd,Lebanon,,,,NJ,08833-4703,PO Box 392,,Bedminster,NJ,07921-0392Oluwasolape,Fakorede,10,18 Birks Pl,Newark,YES,Kensington,10,NJ,07112-1102,,,,,Matthew,Fallon,8,209 King George Rd,Warren,,,,NJ,07059-5130,,,,,William,Fallon,11,209 King George Rd,Warren,,,,NJ,07059-5130,,,,,Matthew,Farinella,1,52 Tree Top Dr,Springfield,,,,NJ,07081-3632,,,,,Kathryn,Fay,1,111 Farley Rd,Short Hills,,,,NJ,07078-2136,,,,,Alyson,Feeley,9,17 Laurel Ave,Summit,YES,Kensington,Summit Co-Op,NJ,07901-3436,,,,,Ryan,Feeley,11,17 Laurel Ave,Summit,YES,Kensington,Summit Co-Op,NJ,07901-3436,,,,,Spencer,Feinstein,9,832 E Broad St,Westfield,YES,UCESC,,NJ,07090-2020,1021 Lawrence Ave,,Westfield,NJ,07090-3740Claire,Fernicola,7,74 Whittredge Rd,Summit,YES,Kensington,Summit Co-Op,NJ,07901-3710,,,,,Grace,Fernicola,5,74 Whittredge Rd,Summit,,,,NJ,07901-3710,,,,,Martin,Fields,5,920 Hillside Ave,Plainfield,YES,Kensington,Shuttle- BR,NJ,07060-3122,,,,,Malcolm,Fields,11,920 Hillside Ave,Plainfield,,,,NJ,07060-3122,,,,,Jennifer,Fish,11,15 Bell Dr,Morristown,YES,MCESC,,NJ,07960-5986,,,,,Julia,Flood,6,112 Helen St,Fanwood,,,,NJ,07023-1512,,,,,Raymond,Fluet,9,33 Softwood Way,Warren,,,,NJ,07059-6791,,,,,Mitchell,Flugstad-Clarke,11,"592 Van Beuren Road, Harding Township",Morristown,,,,NJ,07960,,,,,Caitlyn,Foley,9,25 Midwood Ter,Madison,YES,MCESC,,NJ,07940-2712,,,,,Emmeline,Foley,2,99 Colt Rd,Summit,,,,NJ,07901-3038,,,,,Matthew,Foley,4,99 Colt Rd,Summit,,,,NJ,07901-3038,,,,,Nathan,Foley,K,99 Colt Rd,Summit,,,,NJ,07901-3038,,,,,George,Foussianes,7,25 Wells Ln,Short Hills,,,,NJ,07078-2843,,,,,Sophia,Foussianes,5,25 Wells Ln,Short Hills,,,,NJ,07078-2843,,,,,Alexander,Fradkin,11,7 Holly Ct,Middlesex,,,,NJ,08846-1349,,,,,Luc,Francis,8,668 Varsity Rd,South Orange,YES,Kensington,9,NJ,07079-2652,,,,,Anna,Frear,K,40 Sagamore Rd,Maplewood,,,,NJ,07040-2009,,,,,Richard,Frear,2,40 Sagamore Rd,Maplewood,,,,NJ,07040-2009,,,,,Adam,Freeman,11,74 Clydesdale Rd,Scotch Plains,,,,NJ,07076-2400,,,,,Caroline,Friend,10,11 Cross Gates,Short Hills,YES,Millburn BOE,,NJ,07078-2106,,,,,David,Fromm,10,25 Knollwood Rd,Short Hills,YES,Millburn BOE,,NJ,07078-2821,,,,,Julia,Fu,7,15 Vale Rd,Whippany,,,,NJ,07981-2317,,,,,Kristine,Fu,10,15 Vale Rd,Whippany,,,,NJ,07981-2317,,,,,Isabella,Fuentes,5,97 Spring Hollow Rd,Far Hills,YES,Kensington,Shuttle- BR,NJ,07931-2402,,,,,Ryan,Fuentes,11,78 Century Ln,Watchung,,,,NJ,07069-6008,,,,,Darlene,Fung,10,38 Philip St,Edison,,,,NJ,08820-3544,,,,,Sarah,Gagliardi,7,14 Reinman Rd,Warren,,,,NJ,07059-5122,1 Isabella Way,,Warren,NJ,07059-5156Rishi,Gajjar,1,8 Rockridge Ct,Basking Ridge,YES,Kensington,Shuttle- BR,NJ,07920-2822,,,,,Clayton,Galiardo,12,48 Lenox Rd,Summit,,,,NJ,07901-3741,,,,,Michael,Gallagher,10,1126 Ridge Dr,Mountainside,YES,UCESC,,NJ,07092-2014,,,,,Shannen,Gallagher,7,1126 Ridge Dr,Mountainside,YES,UCESC,,NJ,07092-2014,,,,,Diego,Galvan,4,177 Runnymede Pkwy,New Providence,,,,NJ,07974-1441,,,,,Santiago,Galvan,K,177 Runnymede Pkwy,New Providence,,,,NJ,07974-1441,,,,,Jack,Gambello,10,341 W Dudley Ave,Westfield,,,,NJ,07090-4019,,,,,Akash,Gandhi,6,20 Roosevelt Rd,Chatham,,,,NJ,07928-1178,9B Heritage Dr,,Chatham,NJ,07928-7902Arjun,Gandhi,3,20 Roosevelt Rd,Chatham,,,,NJ,07928-1178,9B Heritage Dr,,Chatham,NJ,07928-7902Nina,Gandhi,3,20 Roosevelt Rd,Chatham,,,,NJ,07928-1178,9B Heritage Dr,,Chatham,NJ,07928-7902Mercedes,Garcia-Kenny,9,9 King Hill Ct,Morristown,,,,NJ,07960-3610,,,,,Lydia,Gargano,10,751 Fairacres Ave,Westfield,YES,UCESC,,NJ,07090-2027,,,,,Owen,Gaynor,12,2 Elf Ct,Parsippany,,,,NJ,07054-1413,,,,,Colton,Gedroic,1,3 Spencer Dr,Morristown,,,,NJ,07960-3538,,,,,Logan,Gedroic,3,3 Spencer Dr,Morristown,,,,NJ,07960-3538,,,,,Rex,Gedroic,K,3 Spencer Dr,Morristown,,,,NJ,07960-3538,,,,,Ryan,Geller,9,118 Wellington Ave,Short Hills,YES,Kensington,Shuttle- SH,NJ,07078-2560,,,,,Xavier,Germain,3,42 South Cres,Maplewood,,,,NJ,07040-2711,,,,,Gabriel,Gever,12,18 Country Ln,Basking Ridge,,,,NJ,07920-2104,,,,,Sia,Ghatak,4,23 Queenberry Way,Basking Ridge,YES,Kensington,Shuttle- BR,NJ,07920-3829,,,,,Som,Ghatak,2,23 Queenberry Way,Basking Ridge,YES,Kensington,Shuttle- BR,NJ,07920-3829,,,,,Ami,Gianchandani,11,17 Tulip Ln,Short Hills,YES,Millburn BOE,,NJ,07078-2215,,,,,Gabriella,Gibson,6,PO Box 691,Peapack,,,,NJ,07977-0691,,,,,Lachlan,Gibson,8,PO Box 691,Peapack,,,,NJ,07977-0691,,,,,Eve,Gilbert,9,30 Oak Hill Rd,Chatham,YES,Kensington,1,NJ,07928-1552,,,,,Nicole,Gilbert,9,87 Briarwood Dr W,Warren,,,,NJ,07059-2725,,,,,Peter,Gilbert,12,40 Dellwood Dr,Madison,,,,NJ,07940-2704,13 Woodstone Rd,,Basking Ridge,NJ,07920-1515Elisabeth,Gilfillan,9,7 Shepherd Ln,Madison,YES,MCESC,,NJ,07940-2751,,,,,Patrick,Gilfillan,12,7 Shepherd Ln,Madison,YES,MCESC,,NJ,07940-2751,,,,,Matthew,Gilsenan,2,10 Edwards Pl,Short Hills,,,,NJ,07078-2911,,,,,Isabel,Giordano,11,13 Franklin Pl,Morristown,,,,NJ,07960-7714,2800 Springfield Ave,,Vauxhall,NJ,07088-1041Elisha,Godbold,10,PO Box 25285,Newark,YES,Kensington,10,NJ,07101-7285,,,,,Arjun,Goel,4,14 Birch Ln,Short Hills,,,,NJ,07078-3219,,,,,Rohan,Goel,2,14 Birch Ln,Short Hills,,,,NJ,07078-3219,,,,,Jared,Goldklang,9,4 Tanglewood Dr,Warren,,,,NJ,07059-6835,,,,,Aditya,Gollapudi,10,872 Mountain Ave,Berkeley Heights,,,,NJ,07922-2438,,,,,Sankar,Gollapudi,7,872 Mountain Ave,Berkeley Heights,,,,NJ,07922-2438,,,,,Gabriella,Gomez,1,98 Tudor Ct,Springfield,,,,NJ,07081-3009,,,,,Raquel,Gomez,11,7 Linden Ln,Mendham,,,,NJ,07945-1226,,,,,Nubia,Gooding,6,66 Treetops Cir,Princeton,,,,NJ,08540-8581,,,,,Virginia,Gore,5,35 Georgetown Ct,Basking Ridge,,,,NJ,07920-4243,,,,,Benjamin,Gottesman,7,28 Oak Ridge Ave,Summit,YES,Kensington,Summit Co-Op,NJ,07901-4313,,,,,Joseph,Gottesman,9,28 Oak Ridge Ave,Summit,YES,Kensington,Summit Co-Op,NJ,07901-4313,,,,,Anika,Govil,7,1 Kincaid Ln,Chatham,YES,MCESC,,NJ,07928-1273,,,,,Dhruv,Govil,11,1 Liberty Ridge Rd,Basking Ridge,,,,NJ,07920-2971,,,,,Ria,Govil,4,1 Kincaid Ln,Chatham,,,,NJ,07928-1273,,,,,Ava,Goyanes,2,79 Troy Dr,Short Hills,,,,NJ,07078-1365,,,,,Henry,Graff,9,138 Western Dr,Short Hills,YES,Millburn BOE,,NJ,07078-1933,,,,,William,Graff,12,138 Western Dr,Short Hills,YES,Millburn BOE,,NJ,07078-1933,,,,,Brooke,Graham,1,55 Edgewood Dr,Florham Park,,,,NJ,07932-2126,,,,,John,Graves,12,71 Western Dr,Short Hills,YES,Millburn BOE,,NJ,07078-1911,,,,,Gia,Graziano,8,5 Chesterfield Dr,Warren,,,,NJ,07059-6773,,,,,Joshua,Greer,12,73 Beverly Dr,Bernardsville,,,,NJ,07924-1302,,,,,Aidan,Gregoire,7,PO Box 29,Brookside,,,,NJ,07926-0029,,,,,John,Grier,10,5 Osage Ln,Far Hills,,,,NJ,07931-2257,,,,,Lila,Griffith,2,180 Riverside Blvd # PH1D,New York,,,,NY,10069-0801,,,,,Nicholas,Grimaldi,10,1956 Farmingdale Rd,Scotch Plains,,,,NJ,07076-2906,,,,,John,Grissinger,6,655 Park Ave Apt 6B,New York,YES,Kensington,Summit Co-Op,NY,10065-5985,,,,,Hannah,Gruber,10,3 Hickory Tree Rd,Far Hills,,,,NJ,07931-2300,,,,,Jacob,Gruber,11,3 Hickory Tree Rd,Far Hills,,,,NJ,07931-2300,,,,,Gavin,Grunstra,K,134 Wyoming Ave,Maplewood,,,,NJ,07040-1013,,,,,Christopher,Gu,7,283 Hartshorn Dr,Short Hills,YES,Millburn BOE,,NJ,07078-1916,,,,,Michael,Gu,12,75 Ridge Rd,Green Brook,,,,NJ,08812-1832,,,,,Sarah,Gu,5,12 Primrose Way,Warren,,,,NJ,07059-5687,,,,,Victoria,Gu,9,283 Hartshorn Dr,Short Hills,YES,Millburn BOE,,NJ,07078-1916,,,,,Julia,Guagliardo,9,74 Essex Rd,Summit,YES,Kensington,Summit Co-Op,NJ,07901-2968,,,,,Anna,Guest,4,37 Roosevelt Rd,Maplewood,,,,NJ,07040-2145,,,,,Caroline,Guest,9,37 Roosevelt Rd,Maplewood,,,,NJ,07040-2145,,,,,Luke,Guest,6,37 Roosevelt Rd,Maplewood,,,,NJ,07040-2145,,,,,Maeve,Guest,K,37 Roosevelt Rd,Maplewood,,,,NJ,07040-2145,,,,,Hannah,Guglin,10,77 Sunset Ln,Basking Ridge,,,,NJ,07920-4103,,,,,Sophia,Guild,3,2 Morton Rd,Livingston,,,,NJ,07039-1050,,,,,Christine,Guo,7,5 Rambling Brook Ln,Warren,,,,NJ,07059-7141,,,,,Akshina,Gupta,12,18 Whispering Way,Warren,,,,NJ,07059-5637,,,,,Anika,Gupta,K,57 Edgewood Dr,Florham Park,,,,NJ,07932-2126,,,,,Sasha,Gupta,5,67 Blazier Rd,Martinsville,,,,NJ,08836-2050,,,,,Christianne,Habayeb,5,16879 Charmel Ln,Pacific Palisades,,,,CA,90272-2255,,,,,Farid,Habayeb,4,16879 Charmel Ln,Pacific Palisades,,,,CA,90272-2255,,,,,Evan,Haidri,7,41 Dale Dr,Chatham,YES,Kensington,1,NJ,07928-1603,,,,,Julia,Haidri,5,41 Dale Dr,Chatham,,,,NJ,07928-1603,,,,,Lana,Haidri,3,41 Dale Dr,Chatham,,,,NJ,07928-1603,,,,,Oliver,Haik,8,PO Box 721,Bedminster,,,,NJ,07921-0721,35 Sylvan Rd,,High Bridge,NJ,08829-1716Clare,Hall,10,PO Box 42,Oldwick,,,,NJ,08858-0042,,,,,Charlotte,Hao,1,51 Thackeray Dr,Short Hills,,,,NJ,07078-2921,,,,,Ryan,Hao,2,51 Thackeray Dr,Short Hills,,,,NJ,07078-2921,,,,,Rita,Harrobin,9,21 Old Army Rd,Bernardsville,,,,NJ,07924-1808,12 Orchard Way,,Warren,NJ,07059-5056Alison,Hatfield,9,27 Valley View Ave,Summit,YES,Kensington,Summit Co-Op,NJ,07901-2312,,,,,Olivia,Hauck,7,12 N Ryland Rd,Whitehouse Station,,,,NJ,08889-3803,,,,,Jenna,Hauser,6,10 Gates Ave,Chatham,,,,NJ,07928-1414,,,,,Nathan,Hefner,10,542 Birch Ave,Westfield,YES,UCESC,,NJ,07090-3003,,,,,Mahek,Hemani,8,29 Gildersleeve Pl,Watchung,,,,NJ,07069-6307,,,,,Daniela,Henriques,5,40 Dorison Dr,Short Hills,,,,NJ,07078-1701,,,,,Ryan,Henriques,10,40 Dorison Dr,Short Hills,YES,Millburn BOE,,NJ,07078-1701,,,,,Samuel,Henriques,7,40 Dorison Dr,Short Hills,YES,Millburn BOE,,NJ,07078-1701,,,,,Jack,Hepp,9,1 Hawks Nest Ln,Green Village,,,,NJ,07935-3500,,,,,Mairead,Higgins,11,2 Kenilworth Dr,Short Hills,YES,Millburn BOE,,NJ,07078-1607,,,,,Elbert,Ho,4,8 Firethorn Ct,Warren,YES,Kensington,Shuttle- BR,NJ,07059-6760,,,,,Felicia,Ho,10,8 Firethorn Ct,Warren,,,,NJ,07059-6760,,,,,Katie,Ho,12,27 Briarwood Dr E,Warren,,,,NJ,07059-6780,,,,,Nicholas,Hoffmann,2,292 Melrose Pl,South Orange,,,,NJ,07079-1639,,,,,William,Hoffmann,9,292 Melrose Pl,South Orange,,,,NJ,07079-1639,,,,,Graham,Hogan,8,181 Mount Harmony Rd,Bernardsville,,,,NJ,07924-2014,,,,,Lindsey,Hogan,11,181 Mount Harmony Rd,Bernardsville,,,,NJ,07924-2014,,,,,Megan,Horn,11,92 Victoria Dr,Basking Ridge,,,,NJ,07920-2534,,,,,Allison,Hosler,10,21 Central Ave,Cranford,,,,NJ,07016-2102,,,,,Emmet,Houghton,7,48 Greenbriar Dr,Summit,YES,Kensington,Summit Co-Op,NJ,07901-3227,,,,,Graham,Houghton,4,48 Greenbriar Dr,Summit,,,,NJ,07901-3227,,,,,James,Houghton,7,48 Greenbriar Dr,Summit,YES,Kensington,Summit Co-Op,NJ,07901-3227,,,,,Lauranne,Hricko,9,1555 Munn Ave,Hillside,YES,Kensington,10,NJ,07205-1647,1532 Morris Pl,,Hillside,NJ,07205-1627Stephen,Hricko,12,1532 Morris Pl,Hillside,YES,Kensington,10,NJ,07205-1627,,,,,Alan,Huang,1,12 Chapel Hill Rd,Short Hills,,,,NJ,07078-1210,,,,,Chloe,Huang,3,192 White Oak Ridge Rd,Short Hills,,,,NJ,07078-2928,,,,,Emma,Huang,8,192 White Oak Ridge Rd,Short Hills,YES,Millburn BOE,,NJ,07078-2928,,,,,Jonathan,Huang,11,18 Bromley Ct,New Providence,,,,NJ,07974-1101,,,,,Derek,Huffman,9,5 Alana Ct,Warren,,,,NJ,07059-5342,,,,,Maya,Huffman,11,5 Alana Ct,Warren,,,,NJ,07059-5342,,,,,Madison,Humphreys,6,115 Jenks Rd,Morristown,YES,MCESC,,NJ,07960-8701,,,,,Daniel,Hutt,12,60 Loft Dr,Martinsville,,,,NJ,08836-2261,36 Jacobs Ln,,Scotch Plains,NJ,07076-4707Jessica,Hutt,9,60 Loft Dr,Martinsville,,,,NJ,08836-2261,36 Jacobs Ln,,Scotch Plains,NJ,07076-4707Obiajuru,Ikoro,12,1 Simon Ct,Piscataway,,,,NJ,08854-4967,,,,,Lucas,Immerman,1,39 Fairfield Ter,Short Hills,,,,NJ,07078-1706,,,,,Benjamin,Ingrassia,10,1399 Chapel Hill Rd,Mountainside,YES,UCESC,,NJ,07092-1404,,,,,Daniel,Ittycheria,7,4 Firethorn Ct,Warren,,,,NJ,07059-6760,,,,,Luke,Ittycheria,10,4 Firethorn Ct,Warren,,,,NJ,07059-6760,,,,,Kennedy,Jackson,1,69 Elm St,Florham Park,,,,NJ,07932-1602,,,,,Norah,Jacob,3,851 Springfield Ave Apt 204,Summit,,,,NJ,07901-1198,,,,,Zara,Jacob,8,851 Springfield Ave Apt 204,Summit,YES,Kensington,Summit Co-Op,NJ,07901-1198,,,,,Aashiya,Jaggi,10,23 Strawberry Ln,Warren,,,,NJ,07059-7050,,,,,Josephine,Jahng,10,12 Princeton Rd,Livingston,,,,NJ,07039-5512,,,,,Spencer,Jahng,6,12 Princeton Rd,Livingston,,,,NJ,07039-5512,,,,,Olivia,James,10,62 Midwood Ter,Madison,,,,NJ,07940-2735,,,,,Nabeel,Jan,10,5 Darkwood Ct,Warren,,,,NJ,07059-2705,,,,,Dylan,Jay,5,25 Douglas Road,Far Hills,YES,Kensington,Shuttle- BR,NJ,07931,,,,,Abigail,Jay,10,25 Douglas Road,Far Hills,,,,NJ,07931,,,,,Tobey,Jay,7,25 Douglas Road,Far Hills,,,,NJ,07931,,,,,Christyan,Jean-Charles,10,200 W Fairview Ave,South Orange,,,,NJ,07079-2146,,,,,Phito,Jean-Louis,11,52 Mill Rd,Irvington,YES,Kensington,9,NJ,07111-1019,,,,,Jordyn,Jefferson,3,220 Stirling Ave,Orange,,,,NJ,07050-3029,,,,,Pranav,Jha,9,372 Long Hill Dr,Short Hills,YES,Kensington,Shuttle- SH,NJ,07078-1208,,,,,Charles,Jiang,6,2 Skyview Ter,Stirling,,,,NJ,07980-1215,,,,,Zachary,Jin,2,15 Dominick Ct,Short Hills,,,,NJ,07078-3110,,,,,Edward,Johnson,12,75 Stewart Rd,Short Hills,YES,Millburn BOE,,NJ,07078-1923,,,,,Walker,Johnson,8,75 Stewart Rd,Short Hills,YES,Millburn BOE,,NJ,07078-1923,,,,,Kathryn,Jones,10,432 Twin Oak Rd,South Orange,,,,NJ,07079-1220,,,,,Roman,Jones,6,14 Princeton Pl,Montclair,,,,NJ,07043-1313,,,,,Quinn,Joralemon,3,8 West Ln,Summit,,,,NJ,07901-3123,,,,,Aneesh,Kadali,9,37 Carriage Way,Basking Ridge,,,,NJ,07920-2541,,,,,Rahil,Kakar,5,1041 Tice Pl,Westfield,,,,NJ,07090-2717,,,,,Kirsten,Kamerkar,6,16 Trinity Pl,Warren,,,,NJ,07059-6771,,,,,Stelio,Kanaras,10,66 Sneider Rd,Warren,,,,NJ,07059-7024,,,,,Alex,Kaplan,8,1 Shawnee Pass,Westfield,YES,UCESC,,NJ,07090-3729,,,,,Amy,Kaplan,12,1 Shawnee Pass,Westfield,YES,UCESC,,NJ,07090-3729,,,,,Brian,Kaplan,10,1 Shawnee Pass,Westfield,YES,UCESC,,NJ,07090-3729,,,,,Anjali,Kapoor,9,36 Independence Dr,Basking Ridge,,,,NJ,07920-3815,,,,,Arjun,Kapur,3,7 Wellington Dr,Basking Ridge,YES,Kensington,Shuttle- BR,NJ,07920-3825,,,,,Rhea,Kapur,8,7 Wellington Dr,Basking Ridge,,,,NJ,07920-3825,,,,,Jai,Karande,4,232 Simonson Ct,Florham Park,,,,NJ,07932-1530,,,,,Wells,Kasserman,K,22 Edgewood Rd,Glen Ridge,YES,Kensington,Shuttle- BR,NJ,07028-2305,,,,,Tyler,Katt,4,636 Coleman Pl,Westfield,,,,NJ,07090-4313,,,,,William,Kazel,12,16 Beverly Rd,Madison,YES,MCESC,,NJ,07940-2817,,,,,William,Kean,K,37 Edgehill Ave,Chatham,,,,NJ,07928-1936,,,,,Peter,Kececi,8,17 Franklin Rd,Mendham,,,,NJ,07945-1807,,,,,Claire,Keller,8,26 Sunset Dr,Summit,YES,Kensington,Summit Co-Op,NJ,07901-2323,,,,,Matthew,Keller,10,26 Sunset Dr,Summit,YES,Kensington,Summit Co-Op,NJ,07901-2323,,,,,Zachary,Keller,12,26 Sunset Dr,Summit,,,,NJ,07901-2323,,,,,Kayla,Kerr,4,935 Charlotte Rd,Plainfield,,,,NJ,07060-1950,,,,,Menaal,Khan,4,21 Wellington Dr,Basking Ridge,YES,Kensington,Shuttle- BR,NJ,07920-3825,,,,,Moeed,Khan,2,21 Wellington Dr,Basking Ridge,YES,Kensington,Shuttle- BR,NJ,07920-3825,,,,,Iman,Khan,11,55 Manor Dr Apt 7N,Newark,,,,NJ,07106-3273,,,,,Meher,Khan,6,10 Countryside Ln,Warren,,,,NJ,07059-5183,,,,,Sehyr,Khan,11,10 Countryside Ln,Warren,,,,NJ,07059-5183,,,,,Eliza,Kielty,12,75 Primrose Trl,Morristown,,,,NJ,07960-6757,,,,,Jacob,Kim,K,10 Dellwood Ave,Chatham,,,,NJ,07928-1739,,,,,Alexis,Kinney,11,715 Coleman St,Easton,,,,PA,18042-1405,,,,,Shannon,Kirdzik,12,5 Timber Ridge Ct,Flemington,,,,NJ,08822-2636,,,,,Nicole,Kloss,10,8 Sycamore Dr,Chatham,YES,Kensington,1,NJ,07928-1122,,,,,Caroline,Knorn,9,27 South Cres,Maplewood,,,,NJ,07040-2710,,,,,Teodora,Kolarov,8,69 Old Army Rd,Bernardsville,,,,NJ,07924-1847,,,,,Ian,Konops,4,29 Fairfield Ter,Short Hills,,,,NJ,07078-1706,,,,,Caroline,Korn,6,PO Box 504,New Vernon,YES,MCESC,,NJ,07976-0504,,,,,David,Korn,8,155 Linden Dr,Basking Ridge,,,,NJ,07920-1964,,,,,Eemil,Korpela,7,303 Walnut St,Westfield,YES,UCESC,,NJ,07090-3037,,,,,Eino,Korpela,9,303 Walnut St,Westfield,YES,UCESC,,NJ,07090-3037,,,,,Emily,Korth,8,544 Lawrence Ave,Westfield,YES,UCESC,,NJ,07090-3118,,,,,Matthew,Korth,9,544 Lawrence Ave,Westfield,YES,UCESC,,NJ,07090-3118,,,,,Vama,Kothari,4,106 Oakview Ave,Maplewood,,,,NJ,07040-2304,,,,,Ava,Kotsen,6,835 Highland Ave,Westfield,YES,UCESC,,NJ,07090-3012,,,,,James,Kotsen,4,835 Highland Ave,Westfield,,,,NJ,07090-3012,,,,,Anna,Kovacs,8,894 Sunset Rdg,Bridgewater,,,,NJ,08807-1376,,,,,Mary,Kovacs,10,894 Sunset Rdg,Bridgewater,,,,NJ,08807-1376,,,,,Ann-Sophie,Kraemer,6,65 Edgewood Rd,Summit,YES,Kensington,Summit Co-Op,NJ,07901-3903,,,,,Constantin,Kraemer,2,65 Edgewood Rd,Summit,,,,NJ,07901-3903,,,,,Henry,Kraham,12,423 Richmond Ave,Maplewood,,,,NJ,07040-1413,,,,,Kalman,Kraham,9,423 Richmond Ave,Maplewood,,,,NJ,07040-1413,,,,,Akash,Kumar,12,1908 Mountain Top Rd,Bridgewater,,,,NJ,08807-2309,,,,,Ashna,Kumar,9,1908 Mountain Top Rd,Bridgewater,,,,NJ,08807-2309,,,,,Bogdan,Kuzmanov,4,36 Michigan Ave,Summit,,,,NJ,07901-3800,,,,,Christopher,Lachenauer,12,22 Softwood Way,Warren,,,,NJ,07059-6791,,,,,Natalie,Ladino,9,25 Quail Run,Warren,,,,NJ,07059-7149,,,,,Nicolas,Ladino,11,25 Quail Run,Warren,,,,NJ,07059-7149,,,,,J.,LaGorce Jr,10,21 Central Ave Apt 3D,Madison,,,,NJ,07940-1953,,,,,Olivia,Lai,10,161 Smoke Rise Rd,Basking Ridge,,,,NJ,07920-3711,,,,,Aanya,Lall,10,40 Quail Run,Warren,,,,NJ,07059-7101,,,,,Kabir,Lall,8,40 Quail Run,Warren,,,,NJ,07059-7101,,,,,Neha,Lall,11,40 Quail Run,Warren,,,,NJ,07059-7101,,,,,Devan,Lalla,7,847 Embree Cres,Westfield,YES,UCESC,,NJ,07090-4357,,,,,Jaiden,Lalla,8,847 Embree Cres,Westfield,YES,UCESC,,NJ,07090-4357,,,,,Jacob,Lamb,9,18 Sandy Hill Rd,Chatham,YES,Kensington,1,NJ,07928-1557,,,,,Adelaide,Lance,8,40 Oxbow Ln,Summit,YES,Kensington,Summit Co-Op,NJ,07901-2216,,,,,Lauren,Lance,1,141 Pemberton Ave,Plainfield,,,,NJ,07060-2851,,,,,Lleyton,Lance,7,40 Oxbow Ln,Summit,YES,Kensington,Summit Co-Op,NJ,07901-2216,,,,,Brandon,Lane,9,1 Hillard Ln,Gladstone,,,,NJ,07934-2074,,,,,Gene,Lange,6,10 Eagle Rock Dr,Boonton Township,,,,NJ,07005-9520,,,,,Verna,Lange,5,10 Eagle Rock Dr,Boonton Township,,,,NJ,07005-9520,,,,,Cole,Langer,3,40 Rippling Brook Dr,Short Hills,,,,NJ,07078-1363,,,,,Sydney,Langer,6,40 Rippling Brook Dr,Short Hills,,,,NJ,07078-1363,,,,,Colin,Larish,6,2 Stonebridge Rd,Montclair,,,,NJ,07042-1611,,,,,Julia,Larish,5,2 Stonebridge Rd,Montclair,,,,NJ,07042-1611,,,,,Ian,Larson,9,PO Box 614 160 Sunnybranch Rd,Far Hills,,,,NJ,07931-0614,,,,,Lindsey,Larson,11,PO Box 614 160 Sunnybranch Rd,Far Hills,,,,NJ,07931-0614,,,,,Eloise,Lash,3,87A Forest Dr,Springfield,YES,Kensington,Shuttle- BR,NJ,07081-1143,12 Orchard Way,,Warren,NJ,07059-5056John,Laurent,12,1807 Bolmer Farm Rd,Martinsville,,,,NJ,08836-2106,,,,,Miles,LeAndre,12,436 Page Ter,South Orange,,,,NJ,07079-2931,,,,,Hyla,Lear,4,20 Stacy Ln,Basking Ridge,,,,NJ,07920-2025,,,,,James,Lear,2,20 Stacy Ln,Basking Ridge,,,,NJ,07920-2025,,,,,Raena,LeBourne,12,557 Ridgewood Rd,Maplewood,YES,Kensington,6,NJ,07040-2113,,,,,Alison,Lee,9,232 Springfield Ave,Summit,YES,Kensington,Summit Co-Op,NJ,07901-3622,,,,,Andrew,Lee,10,1414 Whipporwill Way,Mountainside,,,,NJ,07092-1724,,,,,Julian,Lee,8,100 Essex Rd,Summit,YES,Kensington,Summit Co-Op,NJ,07901-2907,,,,,Kaya,Lee,9,923 Briarwoods Rd,Franklin Lakes,,,,NJ,07417-1105,,,,,Matthew,Lee,9,94 Essex Rd,Summit,YES,Kensington,Summit Co-Op,NJ,07901-2907,,,,,Michelle,Lee,7,94 Essex Rd,Summit,YES,Kensington,Summit Co-Op,NJ,07901-2907,,,,,Wing-Sum,Lee,3,596 White Oak Ridge Rd,Short Hills,,,,NJ,07078-1368,,,,,Yiu-Ching,Lee,1,596 White Oak Ridge Rd,Short Hills,,,,NJ,07078-1368,,,,,Clyde,Leef,11,94 Berkeley Cir,Basking Ridge,,,,NJ,07920-2010,,,,,Jared,Lefkort,11,49 Cambridge Dr,Short Hills,YES,Millburn BOE,,NJ,07078-1901,,,,,Jason,Lefkort,8,49 Cambridge Dr,Short Hills,YES,Millburn BOE,,NJ,07078-1901,,,,,Richard,LeGrand,12,6 Highview Dr,High Bridge,,,,NJ,08829-2303,,,,,Anne,Leithead,10,32 Huron Dr,Chatham,YES,Kensington,1,NJ,07928-1236,,,,,Cecelia,Lesnick,12,110 South St Apt 105,Morristown,,,,NJ,07960-8809,,,,,Nava,Levene Harvell,10,9 Vose Ave Apt 316,South Orange,YES,Kensington,7,NJ,07079-2055,,,,,Max,Levinson,1,31 Ross Rd,Livingston,,,,NJ,07039-6219,,,,,Martha,Lewand,9,1992 Parkwood Dr,Scotch Plains,,,,NJ,07076-2620,,,,,Richard,Lewis,3,22 Canterbury Ln,Summit,,,,NJ,07901-3001,,,,,Sophia,Lewis,7,22 Canterbury Ln,Summit,YES,Kensington,Summit Co-Op,NJ,07901-3001,,,,,Aida,Li,6,48 Aspen Dr,Livingston,,,,NJ,07039-1434,,,,,Ariel,Li,8,48 Aspen Dr,Livingston,,,,NJ,07039-1434,,,,,Ashley,Li,6,48 Aspen Dr,Livingston,,,,NJ,07039-1434,,,,,Brandon,Li,12,7 Parkside Dr,Cedar Knolls,,,,NJ,07927-1217,,,,,Brian,Li,9,18 Eagle Ct,Randolph,,,,NJ,07869-1417,,,,,Ellen,Li,12,307 Long Hill Dr,Short Hills,,,,NJ,07078-1530,,,,,Jessica,Li,11,6 Longford Ct,Warren,,,,NJ,07059-6766,,,,,Justin,Li,8,28 Softwood Way,Warren,,,,NJ,07059-6791,,,,,Kyra,Li,6,28 Softwood Way,Warren,,,,NJ,07059-6791,,,,,Angela,Liang,2,194 Compton Ave,Edison,,,,NJ,08820-3700,,,,,Natalie,Lifson,12,90 Gallowae,Watchung,,,,NJ,07069-6413,,,,,Alexandra,Lima,10,46 Oxbow Ln,Summit,YES,Kensington,Summit Co-Op,NJ,07901-2216,,,,,Jeremy,Lin,8,6 Trent Ct,Morristown,,,,NJ,07960-6339,,,,,Rebecca,Lin,11,6 Trent Ct,Morristown,,,,NJ,07960-6339,,,,,Georgia,Link,4,25 Lyons Pl,Basking Ridge,YES,Kensington,Shuttle- BR,NJ,07920-1934,,,,,Jeremy,Lister,11,25 Scott Dr,Watchung,,,,NJ,07069-6300,,,,,Kai,Littletree Holston,12,910 Sterner Rd,Hillside,YES,Kensington,10,NJ,07205-3006,831 Linden Ave Apt 2C,,Elizabeth,NJ,07202-1678Georgia,Liu,10,3 Evergreen Ct,Warren,,,,NJ,07059-7098,,,,,Maximus,Liu,6,3 Evergreen Ct,Warren,,,,NJ,07059-7098,,,,,Sophie,Loesberg,11,8 Friar Tuck Ct,Warren,,,,NJ,07059-6755,,,,,Emma,Lombardo,11,55 Geiger Ln,Warren,,,,NJ,07059-5641,,,,,Sofia,Lombardo,9,55 Geiger Ln,Warren,,,,NJ,07059-5641,,,,,William,Long,12,665 Millbrook Ave,Randolph,,,,NJ,07869-3703,,,,,Ashley,Lu,9,22 Winchester Rd,Summit,YES,Kensington,Summit Co-Op,NJ,07901-3019,,,,,Michael,Lu,11,8 Christie Way,Branchburg,,,,NJ,08853-5003,,,,,Nancy,Lu,12,7 Appleman Way,Bridgewater,,,,NJ,08807-3810,,,,,Jackson,Lubke,10,195 Charlton Ave,South Orange,,,,NJ,07079-2337,,,,,Lindsey,Lubowitz,12,100 Laurel Hill Rd,Mountain Lakes,,,,NJ,07046-1218,,,,,John,Lucciola,12,8 Jodi Ln,Chatham,YES,MCESC,,NJ,07928-1051,,,,,Natalie,Lucciola,12,8 Jodi Ln,Chatham,YES,MCESC,,NJ,07928-1051,,,,,Cordelia,Ludden,7,4 Fremont Rd,Summit,YES,Kensington,Summit Co-Op,NJ,07901-1622,,,,,Matthew,Ludwig,12,6 Frey Rd,Hillsborough,,,,NJ,08844-4087,,,,,Niles,Luke,7,57 Forest Hill Rd,West Orange,YES,Kensington,6,NJ,07052-4517,,,,,Ilana,Lurie,11,631 Mountain Dr,South Orange,,,,NJ,07079-1126,,,,,Jack,Lyons,10,12 Water St,Lebanon,,,,NJ,08833-4530,,,,,Helen,Ma,8,17 Cedar Hollow Dr,Stirling,,,,NJ,07980-1214,,,,,Kevin,Ma,10,17 Cedar Hollow Dr,Stirling,,,,NJ,07980-1214,,,,,William,MacIntosh,3,300 N Ridgewood Rd,South Orange,,,,NJ,07079-1620,,,,,Callie,Mahoney,8,55 Summit Dr,Basking Ridge,,,,NJ,07920-1960,,,,,Conor,Mahoney,11,55 Summit Dr,Basking Ridge,,,,NJ,07920-1960,,,,,Ashana,Makhija,9,94 Bradley Ln,Bridgewater,,,,NJ,08807-2604,,,,,Cara,Malone,5,574 Ridgewood Rd,Maplewood,,,,NJ,07040-2114,,,,,Charles,Malone,9,574 Ridgewood Rd,Maplewood,,,,NJ,07040-2114,,,,,Ethan,Malzberg,10,PO Box 190 39 Fairmount Road,Pottersville,,,,NJ,07979-0190,,,,,Kate,Manara,6,91 Cray Ter,Fanwood,,,,NJ,07023-1506,,,,,Jordan,Mandel,8,120 Canterbury Way,Basking Ridge,,,,NJ,07920-2572,,,,,Matthew,Mandel,8,120 Canterbury Way,Basking Ridge,,,,NJ,07920-2572,,,,,Benjamin,Mandelbaum,10,12 Grasmere Ct,Livingston,,,,NJ,07039-3406,,,,,Brody,Mandelbaum,3,26 Ross Rd,Livingston,,,,NJ,07039-6211,,,,,Joshua,Mandelbaum,5,12 Grasmere Ct,Livingston,,,,NJ,07039-3406,,,,,Sloane,Mandelbaum,4,26 Ross Rd,Livingston,,,,NJ,07039-6211,,,,,Tess,Mandelbaum,K,26 Ross Rd,Livingston,,,,NJ,07039-6211,,,,,Leah,Mangold,9,12 Crescent Pl,Short Hills,,,,NJ,07078-3411,,,,,Flavio,Mansi,8,27 Old Orchard Rd,Morristown,,,,NJ,07960-3321,,,,,Caroline,Marone,12,5 Kings Hill Ct,Summit,,,,NJ,07901-3007,,,,,Diego,Marroquin,12,121 E Rayburn Rd,Millington,,,,NJ,07946-1510,,,,,Jonathan,Marsico,8,34 Swan Ln,Lake Hopatcong,,,,NJ,07849-2447,,,,,Matthew,Marsico,6,34 Swan Ln,Lake Hopatcong,,,,NJ,07849-2447,,,,,Oliver,Martin,12,25 Tulip St,Summit,,,,NJ,07901-2414,,,,,EmmaClaire,Marvin,12,12 Waldron Ave,Summit,,,,NJ,07901-2806,,,,,Julia,Masch,12,94 Old Smalleytown Rd,Warren,,,,NJ,07059-5453,,,,,Chloe,Mason,8,235 Tillou Rd,South Orange,,,,NJ,07079-1521,,,,,Mark,Mason,5,235 Tillou Rd,South Orange,,,,NJ,07079-1521,,,,,Gabrielle,Masoudi,4,57 Dellwood Ave,Chatham,,,,NJ,07928-1701,,,,,Samantha,Masoudi,2,57 Dellwood Ave,Chatham,,,,NJ,07928-1701,,,,,Alexander,Massey,6,48 Canterbury Way,Basking Ridge,,,,NJ,07920-2571,,,,,Madison,Massey,9,48 Canterbury Way,Basking Ridge,,,,NJ,07920-2571,,,,,Alexis,Matthews,6,105 Rotary Dr,Summit,YES,Kensington,Summit Co-Op,NJ,07901-3134,,,,,Graham,Matthews,11,14 Nottingham Way,Warren,,,,NJ,07059-6753,,,,,Roger,Matthews III,9,105 Rotary Dr,Summit,YES,Kensington,Summit Co-Op,NJ,07901-3134,,,,,Allison,Matthias,10,19 Everson Pl,Basking Ridge,,,,NJ,07920-3606,,,,,Asher,Matthias,6,19 Everson Pl,Basking Ridge,,,,NJ,07920-3606,,,,,Katharine,Matthias,12,19 Everson Pl,Basking Ridge,,,,NJ,07920-3606,,,,,Hope,Maultsby,8,7 Beekman Rd,Summit,YES,Kensington,Summit Co-Op,NJ,07901-1703,,,,,Paige,Maultsby,10,7 Beekman Rd,Summit,YES,Kensington,Summit Co-Op,NJ,07901-1703,,,,,Trey,Maultsby,5,7 Beekman Rd,Summit,,,,NJ,07901-1703,,,,,Jake,Mayer,12,1214 Donamy Gln,Scotch Plains,,,,NJ,07076-2404,,,,,Angelina,Mayers,10,271 Winthrop Ter,South Orange,YES,Kensington,11,NJ,07079-1451,,,,,Leighton,Mayers,10,271 Winthrop Ter,South Orange,YES,Kensington,11,NJ,07079-1451,,,,,Fiona,McArthur,K,471 Central Ave,New Providence,,,,NJ,07974-2141,,,,,Reid,McBoyle,9,515 E 72nd St Apt 25J,New York,YES,Millburn BOE,,NY,10021-4072,2 Forest Dr,,Short Hills,NJ,07078-2818Peter,McClearn,9,53 Hobart Ave,Summit,YES,Kensington,Summit Co-Op,NJ,07901-2808,,,,,Jordan,McDonald,3,589 Prospect St,Maplewood,,,,NJ,07040-2219,,,,,Langston,McDonald,2,589 Prospect St,Maplewood,,,,NJ,07040-2219,,,,,Morgan,McDonald,6,589 Prospect St,Maplewood,,,,NJ,07040-2219,,,,,Brigid,McGuire,9,24 Morristown Rd,Gillette,,,,NJ,07933-1502,,,,,Colin,McKinnon,11,PO Box 1097,Morristown,,,,NJ,07962-1097,,,,,Jessica,McLaughlin,12,15 Tower Dr,Maplewood,,,,NJ,07040-1007,,,,,Spencer,McLaughlin,7,109 Woodland Ave,Summit,,,,NJ,07901-2001,,,,,Tyler,McLaughlin,9,109 Woodland Ave,Summit,,,,NJ,07901-2001,,,,,Aloysius,McLaughlin IV,11,7 Essex Rd,Summit,YES,Kensington,Summit Co-Op,NJ,07901-2801,,,,,Matthew,McManus,8,25 Carriage Way,Basking Ridge,,,,NJ,07920-2541,,,,,Jasmine,McMorran,11,560 N Chestnut St,Westfield,YES,UCESC,,NJ,07090-2417,,,,,Calahan,McPherson,8,27 Oxbow Ln,Summit,YES,Kensington,Summit Co-Op,NJ,07901-2203,,,,,Apurva,Memani,11,16 Yale Ct,Livingston,,,,NJ,07039-1518,,,,,Milenka,Men,6,434 Old New Dover Rd,Colonia,,,,NJ,07067-2608,,,,,Dominic,Mendelsohn,9,102 Beechwood Rd,Summit,YES,Kensington,Summit Co-Op,NJ,07901-2131,,,,,Oliver,Mendelsohn,7,102 Beechwood Rd,Summit,YES,Kensington,Summit Co-Op,NJ,07901-2131,,,,,Nicholas,Meng,5,332 Taylor Rd S,Short Hills,,,,NJ,07078-2317,,,,,Gerhard,Mennen,8,PO Box 43,Oldwick,,,,NJ,08858-0043,,,,,Paige,Mennen,7,PO Box 43,Oldwick,,,,NJ,08858-0043,,,,,David,Metzger,12,4 Brockden Pl,Mendham,,,,NJ,07945-3011,,,,,Joshua,Metzger,12,4 Brockden Pl,Mendham,,,,NJ,07945-3011,,,,,Blake,Miller,1,32 Tillou Rd W,South Orange,,,,NJ,07079-1357,,,,,Caroline,Miller,3,3 Breezeknoll Dr,Westfield,,,,NJ,07090-2909,,,,,Cole,Miller,10,4 Cramer Ln,Mendham,,,,NJ,07945-2215,,,,,Dorothea,Miller,10,57 Midwood Ter,Madison,,,,NJ,07940-2712,,,,,Jordan,Miller,6,32 Tillou Rd W,South Orange,,,,NJ,07079-1357,,,,,Kathryn,Miller,7,3 Breezeknoll Dr,Westfield,YES,UCESC,,NJ,07090-2909,,,,,Ryan,Miller,K,12E Sentinel Ct,Chatham,,,,NJ,07928-1769,,,,,Rishi,Mirchandani,1,46 Tillou Rd W,South Orange,,,,NJ,07079-1357,,,,,Rayan,Mohammed,1,27 Myrtle St,Cranford,YES,Kensington,Shuttle- BR,NJ,07016-3437,17 Hyde Ct,,Bedminster,NJ,07921-1812Rashidatu,Mohammed,10,27 Myrtle St,Cranford,YES,Kensington,11,NJ,07016-3437,17 Hyde Ct,,Bedminster,NJ,07921-1812Aubrey,Molloy,11,66 Welsh Rd,Lebanon,,,,NJ,08833-4316,,,,,Lucas,Monserrat,12,83 Beekman Rd,Summit,,,,NJ,07901-1703,,,,,James,Moore-Gillon,12,7 Dellwood Parkway South,Madison,,,,NJ,07940,,,,,Timothy,Moriarty,6,130 Hobart Ave,Summit,YES,Kensington,Summit Co-Op,NJ,07901-2961,,,,,Jacob,Morin,8,8 Paddock Ct,Basking Ridge,,,,NJ,07920-2232,,,,,Cole,Morriello,7,30 Laurel Mountain Way,Califon,,,,NJ,07830-3027,,,,,Kayla,Morriello,8,30 Laurel Mountain Way,Califon,,,,NJ,07830-3027,,,,,Noah,Morris,8,PO Box 555,Gladstone,,,,NJ,07934-0555,,,,,Sophie,Morris,12,PO Box 555,Gladstone,,,,NJ,07934-0555,,,,,Sarah,Moseson,12,8 Emerson Ct,Morristown,,,,NJ,07960-2760,,,,,Allison,Moss,9,PO Box 212,New Vernon,YES,MCESC,,NJ,07976-0212,,,,,Jake,Moss,12,25 Country Pl,Lebanon,,,,NJ,08833-3100,,,,,Betsy,Muller,6,52 Winding Ln,Basking Ridge,,,,NJ,07920-1537,,,,,Simon,Muller,8,52 Winding Ln,Basking Ridge,,,,NJ,07920-1537,,,,,Noelle,Mullins,9,152 Turrell Ave,South Orange,,,,NJ,07079-2347,,,,,Brooke,Murphy,11,731 Highland Ave,Westfield,YES,UCESC,,NJ,07090-3021,,,,,Dilan,Mushayandebvu,10,32 Holly Dr,Short Hills,YES,Millburn BOE,,NJ,07078-1318,,,,,Kenan,Mushayandebvu,7,32 Holly Dr,Short Hills,YES,Millburn BOE,,NJ,07078-1318,,,,,George,Mychajluk  II,11,11 Dead River Rd,Warren,,,,NJ,07059-6712,43 Hampshire Dr,,Mendham,NJ,07945-2003Jack,Myers,9,77 Glen Alpin Rd,Morristown,,,,NJ,07960-6782,,,,,Garth,Naar,4,376 Forest Rd,South Orange,,,,NJ,07079-1633,,,,,Nayana,Nag,3,9 Quentin Ct,Maplewood,,,,NJ,07040-2111,,,,,Nilaya,Nag,3,9 Quentin Ct,Maplewood,,,,NJ,07040-2111,,,,,Gregory,Naratil,12,3 Ledgewood Ct,Warren,,,,NJ,07059-6751,,,,,Jeremy,Newman,10,8 Cramer Ln,Mendham,,,,NJ,07945-2215,42 Aberdeen Dr,,Mendham,NJ,07945-2010Peter,Nicoletti,10,5 Midland Ter,Summit,YES,Kensington,Summit Co-Op,NJ,07901-3205,56 Colt Rd,,Summit,NJ,07901-3041Jake,Nicoll,8,70 Browning Rd,Short Hills,YES,Millburn BOE,,NJ,07078-1142,,,,,Kyle,Nicoll,6,70 Browning Rd,Short Hills,YES,Millburn BOE,,NJ,07078-1142,,,,,Skye,Nicoll,2,70 Browning Rd,Short Hills,,,,NJ,07078-1142,,,,,Elizabeth,Nikitin,4,567 Buckingham Dr,Piscataway,YES,Kensington,Shuttle- BR,NJ,08854-6259,,,,,Waleed,Nisar,9,8 Strawberry Ln,Warren,,,,NJ,07059-7052,,,,,Chukwumaobim,Nnaeto,11,12 Glimpsewood Ln,Morristown,,,,NJ,07960-3766,,,,,Ian,Nortillo,4,10 Adams Ave,Short Hills,,,,NJ,07078-3231,,,,,Vivian,Nortillo,1,10 Adams Ave,Short Hills,,,,NJ,07078-3231,,,,,Rebecca,Novofastovsky,4,11 Yale Ct,Livingston,,,,NJ,07039-1519,,,,,Sarah,Novofastovsky,3,11 Yale Ct,Livingston,,,,NJ,07039-1519,,,,,Olivia,Nugent,9,61 Pickle Brook Rd,Bernardsville,,,,NJ,07924-1909,,,,,Emily,Nussbaumer,8,80 Hemlock Rd,Short Hills,YES,Millburn BOE,,NJ,07078-1824,,,,,Mary,Nussbaumer,11,80 Hemlock Rd,Short Hills,YES,Millburn BOE,,NJ,07078-1824,,,,,Brendan,O'Brien,4,37 Slayton Dr,Short Hills,,,,NJ,07078-1535,,,,,Kathryn,O'Brien,6,37 Slayton Dr,Short Hills,YES,Millburn BOE,,NJ,07078-1535,,,,,Sean,O'Keefe,7,1 Colony Dr,Summit,YES,Kensington,Summit Co-Op,NJ,07901-2423,,,,,Claire,O'Mara,12,272 Tanglewood Trl,Gillette,,,,NJ,07933-1704,,,,,Gerald,O'Mara,8,272 Tanglewood Trl,Gillette,,,,NJ,07933-1704,,,,,Grace,O'Mara,10,272 Tanglewood Trl,Gillette,,,,NJ,07933-1704,,,,,Megan,O'Reilly,12,25 Downingtown Ct,Warren,,,,NJ,07059-6776,,,,,Anne,Oatman,9,2 Woodmere Dr,Summit,YES,Kensington,Summit Co-Op,NJ,07901-2210,,,,,Gordon,Oatman,6,2 Woodmere Dr,Summit,YES,Kensington,Summit Co-Op,NJ,07901-2210,,,,,Katherine,Oatman,9,2 Woodmere Dr,Summit,YES,Kensington,Summit Co-Op,NJ,07901-2210,,,,,Matthew,Oatman,6,2 Woodmere Dr,Summit,YES,Kensington,Summit Co-Op,NJ,07901-2210,,,,,Amara,Obaray,2,132 Cambridge Rd,Westfield,,,,NJ,07090-1750,,,,,Gabrielle,Obregon,12,9 Jeffrey Ln,Bridgewater,,,,NJ,08807-1405,,,,,Anjola,Olawoye,6,5 Overlook Rd,Whitehouse Station,,,,NJ,08889-3370,,,,,Kristin,Osika,7,12 Knollwood Trl W,Mendham,,,,NJ,07945-3038,,,,,Andrew,Overdeck,6,35 Kenilworth Dr,Short Hills,,,,NJ,07078-1642,,,,,Katherine,Overdeck,8,35 Kenilworth Dr,Short Hills,,,,NJ,07078-1642,,,,,Deren,Ozbilge,K,25 Hudson St Apt 704,Jersey City,,,,NJ,07302-7509,,,,,James,Pagano,9,61 Taylor Rd,Short Hills,,,,NJ,07078-2256,,,,,Mary,Pagano,12,61 Taylor Rd,Short Hills,YES,Millburn BOE,,NJ,07078-2256,,,,,Alesia,Paliwoda,8,135 Center Ave,Chatham,,,,NJ,07928-2602,,,,,Eleanor,Palmer,12,PO Box 339 13 Old Turnpike Road,Oldwick,,,,NJ,08858-0339,,,,,Willow,Palmer,7,110 Old Driftway Ln,Lebanon,,,,NJ,08833-4628,,,,,Megan,Pan,11,67 Browning Rd,Short Hills,YES,Millburn BOE,,NJ,07078-1140,,,,,Peter,Papadopoulos,9,3 Tallwood Ct,Morris Plains,YES,Kensington,12,NJ,07950-2757,,,,,Alexa,Papandreou,7,110 Canoe Brook Ln,Far Hills,,,,NJ,07931-2810,,,,,Charles,Papandreou,12,110 Canoe Brook Ln,Far Hills,,,,NJ,07931-2810,,,,,Zoe,Papandreou,10,110 Canoe Brook Ln,Far Hills,,,,NJ,07931-2810,,,,,Matthew,Parisi,11,1 Fox Hunt Ct,Far Hills,,,,NJ,07931-2584,,,,,Caleb,Park,6,77 Fairhill Dr,Westfield,YES,UCESC,,NJ,07090-4203,,,,,Jonah,Park,3,77 Fairhill Dr,Westfield,,,,NJ,07090-4203,,,,,Sarah,Parker,7,5 Oxford Ter,West Orange,YES,Kensington,6,NJ,07052-4411,,,,,Cathleen,Parker,10,130 Airport Rd,Bedminster,,,,NJ,07921-2800,,,,,James,Parker,12,78 Dryden Rd,Bernardsville,,,,NJ,07924-1107,,,,,Peter,Parker,4,5 Oxford Ter,West Orange,,,,NJ,07052-4411,,,,,Abigail,Parrish,8,446 Grove St,Westfield,YES,UCESC,,NJ,07090-2623,,,,,Madeleine,Parrish,11,446 Grove St,Westfield,YES,UCESC,,NJ,07090-2623,,,,,Matthew,Parrish,6,446 Grove St,Westfield,YES,UCESC,,NJ,07090-2623,,,,,Austin,Parsons,11,10 Charles Ct,Annandale,,,,NJ,08801-2026,,,,,Parth,Patel,12,86 Briarwood Dr W,Warren,,,,NJ,07059-2728,,,,,Sahdev,Patel,8,41 Ridge Rd,Green Brook,,,,NJ,08812-1853,,,,,Sejal,Patel,6,41 Ridge Rd,Green Brook,,,,NJ,08812-1853,,,,,Sienna,Patel,4,1230 Long Hill Rd,Stirling,,,,NJ,07980-1010,,,,,Noelle,Patterson,8,170 Forest Hill Rd,West Orange,YES,Kensington,6,NJ,07052-3921,,,,,John,Patterson,11,40 Minnisink Rd,Short Hills,YES,Millburn BOE,,NJ,07078-1920,,,,,Mitchell,Pavlak,11,25 Knightsbridge,Watchung,,,,NJ,07069-6472,,,,,Benjamin,Peacock,9,11 Mountain View Ter,Maplewood,,,,NJ,07040-2209,,,,,Matthew,Peacock,12,613 Van Beuren Rd,Morristown,,,,NJ,07960-6461,,,,,Levi,Pearl,K,21 Cambridge Dr,Short Hills,,,,NJ,07078-1901,,,,,Joseph,Pea,2,201 W Valley Brook Rd,Califon,,,,NJ,07830-3530,,,,,Lilliana,Pereira,2,887 Colonial Ave,Union,,,,NJ,07083-7440,,,,,Lance,Perlow,9,30 Prince Henry Dr,Randolph,,,,NJ,07869-1261,,,,,Carol Ann,Perry,9,280 Mountain Rd,Basking Ridge,,,,NJ,07920-3410,,,,,Kassidy,Peterson,11,102 S Honeyman Rd,Whitehouse Station,,,,NJ,08889-3527,,,,,Caroline,Petrow-Cohen,11,20 Highland Pl,Maplewood,,,,NJ,07040-2508,,,,,Bao,Pham,11,1508 New Durham Rd,South Plainfield,YES,Kensington,11,NJ,07080-2316,,,,,Nia,Phillips,10,34 Peoples Line Rd,Somerset,,,,NJ,08873-7366,,,,,Madisyn,Pilla,9,3 Wilde Holw,Martinsville,,,,NJ,08836-2204,,,,,Frank,Piracci,3,154 Mayhew Dr,South Orange,,,,NJ,07079-1309,,,,,Belinda,Poh,7,13 Sunrise Dr,Warren,,,,NJ,07059-5034,,,,,Caleb,Polanco,3,10 Sherbrooke Dr,Florham Park,,,,NJ,07932-2816,,,,,Benjamin,Polaski,8,62 Fanok Rd,Morristown,YES,MCESC,,NJ,07960-6551,,,,,Samuel,Pollard,6,18 Sunset Dr,Summit,YES,Kensington,Summit Co-Op,NJ,07901-2323,,,,,Sophie,Pollard,8,18 Sunset Dr,Summit,YES,Kensington,Summit Co-Op,NJ,07901-2323,,,,,Joseph,Possumato,12,1435 County Road 519,Frenchtown,,,,NJ,08825-3737,,,,,Simone,Powell,6,717 Watchung Ave Apt 1,Plainfield,YES,Kensington,11,NJ,07060-2513,,,,,Riya,Prabhu,2,40 Laura Dr,Gillette,,,,NJ,07933-2100,,,,,David,Prahl,2,53 Dellwood Ave,Chatham,,,,NJ,07928-1701,,,,,Iris,Prahl,2,53 Dellwood Ave,Chatham,,,,NJ,07928-1701,,,,,Adam,Present,12,54 Oxbow Ln,Summit,,,,NJ,07901-2216,,,,,Margot,Present,10,54 Oxbow Ln,Summit,YES,Kensington,Summit Co-Op,NJ,07901-2216,,,,,Gabriela,Preziosi,10,15 Chesterfield Dr,Warren,,,,NJ,07059-6774,,,,,Nicole,Preziosi,12,15 Chesterfield Dr,Warren,,,,NJ,07059-6774,,,,,Cary,Prichett,6,315 Washington St,Westfield,YES,UCESC,,NJ,7090,,,,,Jackson,Proudfoot,11,4 Acorn Ln,Lebanon,,,,NJ,08833-3127,,,,,Ashleigh,Provoost,7,84-1 Meeker Rd,Bernardsville,,,,NJ,07924-2031,,,,,Tanya,Puranik,3,909 Binghampton Ln,Livingston,,,,NJ,07039-8264,,,,,Lane,Purcell,3,65 Van Doren Ave,Chatham,,,,NJ,07928-2213,,,,,Alexandra,Pyne,11,26 Clinton Ave,New Providence,,,,NJ,07974-1831,,,,,Henry,Pyne,6,26 Clinton Ave,New Providence,,,,NJ,07974-1831,,,,,Alexander,Rabney,10,519 N Wyoming Ave,South Orange,,,,NJ,07079-1654,,,,,Brendan,Raimann,12,119 Foothill Rd,Flemington,,,,NJ,08822-7043,,,,,James,Raincsuk,9,11 Delwick Ln,Short Hills,,,,NJ,07078-2078,,,,,William,Raincsuk,11,11 Delwick Ln,Short Hills,,,,NJ,07078-2078,,,,,Francesca,Rainuzzo,8,2104 Murray Ct,Livingston,YES,Kensington,5,NJ,07039-2300,,,,,Zachary,Ralph,6,32 Troy Dr,Short Hills,,,,NJ,07078-1334,,,,,Catherine,Ramesh,1,10 Ridgedale Ave Apt 34,Madison,,,,NJ,07940-1531,,,,,Natalia,Ramirez,10,313 Fay Ave,Elizabeth,YES,Kensington,10,NJ,07202-1813,,,,,Anthony,Ramlochan,8,469 Vose Ave,South Orange,,,,NJ,07079-3018,,,,,Sebastian,Ramlochan,6,469 Vose Ave,South Orange,,,,NJ,07079-3018,,,,,Benjamin,Ramos,11,130 Beechwood Rd,Summit,YES,Kensington,Summit Co-Op,NJ,07901-2131,,,,,Samuel,Ramos,8,130 Beechwood Rd,Summit,YES,Kensington,Summit Co-Op,NJ,07901-2131,,,,,Victoria,Ramos,6,55 Great Oak Dr,Short Hills,,,,NJ,07078-3426,,,,,Kelsey,Ransom,9,21 Congress Ln,South River,,,,NJ,08882-2580,,,,,Nikhil,Rao,11,155 Scott Dr,Watchung,,,,NJ,07069-6301,,,,,Alia,Rasheed,4,80 Plymouth St,Montclair,,,,NJ,07042-2137,,,,,Derek,Raskopf,9,230 Central Park W Apt 14A,New York,,,,NY,10024-6042,,,,,Gabriel,Raykin,3,81 Winged Foot Dr,Livingston,,,,NJ,07039-8231,,,,,Alexander,Recce,4,33 Hillside Ave,Short Hills,,,,NJ,07078-2024,,,,,Vineil,Reddy,11,95 Acorn Dr,Watchung,,,,NJ,07069-6260,,,,,Sanford,Ren,11,23 Stoningham Dr,Warren,,,,NJ,07059-6740,,,,,Jason,Resnick,12,18 Roe Ln,Basking Ridge,,,,NJ,07920-3727,,,,,John,Rewey,4,96 Portland Rd,Summit,YES,Kensington,Summit Co-Op,NJ,07901-3045,,,,,Robert,Rewey,7,96 Portland Rd,Summit,,,,NJ,07901-3045,,,,,Elliott,Reynolds,K,803 Cedar Ter,Westfield,,,,NJ,07090-3062,,,,,Jayden,Rhoney,6,Park Ave,West Orange,YES,Kensington,Summit Co-Op,NJ,07102,"851 Springfield Avenue, Bld. 22 Apt.O",,Summit,NJ,07018Simon,Ribeiro,9,21 Pebble Beach Way,Washington,,,,NJ,07882-1576,,,,,Sophie,Ricciardi,12,170 Deer Run,Watchung,,,,NJ,07069-6222,,,,,Sanaa,Richard,7,62 Crest Dr,South Orange,,,,NJ,07079-1037,,,,,Ajune',Richardson,8,37 S 20th St Fl 2,East Orange,YES,Kensington,9,NJ,07018-3904,,,,,Duke,Richman II,7,402 Heywood Ave,Orange,YES,Kensington,7,NJ,07050-2007,,,,,Allison,Riddell,10,4 Stonewood Ct,Warren,,,,NJ,07059-2701,,,,,Neil,Riener,4,101 Dyckman Pl,Basking Ridge,,,,NJ,07920-1427,,,,,Sunjay,Riener,9,101 Dyckman Pl,Basking Ridge,,,,NJ,07920-1427,,,,,Lindsay,Rispoli,11,99 Hansell Rd,New Providence,,,,NJ,07974-1629,,,,,James,Robertson,12,31 Highland Cir,Berkeley Heights,,,,NJ,07922-2129,,,,,John,Robertson,9,31 Highland Cir,Berkeley Heights,,,,NJ,07922-2129,,,,,Clint,Robinson,7,132 Hillcrest Ave,Summit,,,,NJ,07901-2212,,,,,Julia,Robinson,12,132 Hillcrest Ave,Summit,YES,Kensington,Summit Co-Op,NJ,07901-2212,,,,,Linda,Robinson,9,68 Hobart Ave,Summit,,,,NJ,07901-2809,,,,,Nicholas,Robinson,10,132 Hillcrest Ave,Summit,,,,NJ,07901-2212,,,,,Jonathan,Robustelli,4,17 Springdale Ln,Warren,YES,Kensington,Shuttle- BR,NJ,07059-7139,,,,,Ava,Robustelli,6,17 Springdale Ln,Warren,,,,NJ,07059-7139,,,,,Lillian,Rockoff,10,26 Sherwood Farm Rd,Far Hills,,,,NJ,07931-2585,,,,,Matthew,Rockoff,12,26 Sherwood Farm Rd,Far Hills,,,,NJ,07931-2585,,,,,Lauryn,Rodney,12,3 Atlantic Rd,Somerset,,,,NJ,08873-1701,,,,,Bailey,Romano,10,429 Fox Chase Rd,Chester,,,,NJ,07930-3121,,,,,Brandon,Rosen,11,5 Charolais Farm,Mendham,,,,NJ,07945-2704,,,,,Michael,Rosenblatt,2,11 Harvest Ave,East Hanover,,,,NJ,07936-1521,,,,,Zachary,Ross,10,8 Boxwood Way,Warren,,,,NJ,07059-6858,,,,,William,Rothpletz,10,82 Rockaway Rd,Lebanon,,,,NJ,08833-4410,,,,,Nathan,Rozenblatt,2,54 Portland Rd,Summit,,,,NJ,07901-3045,,,,,Zachary,Rozenblatt,4,54 Portland Rd,Summit,,,,NJ,07901-3045,,,,,Abigail,Rubino,7,84 Prospect Hill Ave,Summit,YES,Kensington,Summit Co-Op,NJ,07901-3740,,,,,Anthony,Rubino,9,84 Prospect Hill Ave,Summit,YES,Kensington,Summit Co-Op,NJ,07901-3740,,,,,Danielle,Rubino,5,84 Prospect Hill Ave,Summit,,,,NJ,07901-3740,,,,,Channing,Russell,11,49 Belgrade Ter,West Orange,,,,NJ,07052-3954,,,,,Jennifer,Ryan,9,10 Brittany Pl,Basking Ridge,,,,NJ,07920-2125,,,,,Brent,Saburn,10,4 Luce Ct,Far Hills,,,,NJ,07931-2722,,,,,Ryan,Sacramone,5,34 Haas Rd,Basking Ridge,YES,Kensington,Shuttle- BR,NJ,07920-2670,,,,,Shruti,Sagar,11,885 Mountain Ave,New Providence,,,,NJ,07974-1212,,,,,Sumant,Sagar,8,885 Mountain Ave,New Providence,,,,NJ,07974-1212,,,,,Julia,Saksena,7,1333 Outlook Dr,Mountainside,YES,UCESC,,NJ,07092-1410,,,,,Meghan,Salamon,11,3 Thornapple Ct,Long Valley,,,,NJ,07853-3357,,,,,Yelena Nicolle,Salvador,12,14 Sterling Dr,Bridgewater,,,,NJ,08807-5756,,,,,John Paul,Salvatore,6,320 Morris Ave,Mountain Lakes,,,,NJ,07046-1605,,,,,Sebastian,Salvatore,5,320 Morris Ave,Mountain Lakes,,,,NJ,07046-1605,,,,,Neel,Sambamurthy,12,63 Harvey Dr,Short Hills,YES,Millburn BOE,,NJ,07078-1123,,,,,Lucas,San Miguel,5,159 Woodland Rd,Madison,,,,NJ,07940-2725,,,,,Matthew,San Miguel,12,159 Woodland Rd,Madison,YES,MCESC,,NJ,07940-2725,,,,,Emily,Sanchez,9,10 Sunset St,Branchburg,,,,NJ,08876-3631,,,,,Maxwell,Sanchez,11,10 Sunset St,Branchburg,,,,NJ,08876-3631,,,,,Alice,Santana,5,100 Woodfield Dr,Short Hills,,,,NJ,07078-1654,,,,,Thomas,Santana,7,100 Woodfield Dr,Short Hills,YES,Kensington,Shuttle-SH,NJ,07078-1654,,,,,Caroline,Santoro,10,8 Terrill Dr,Califon,,,,NJ,07830-3443,,,,,Ananya,Sanyal,5,17 Fairfield Dr,Short Hills,,,,NJ,07078-1702,,,,,Avik,Sanyal,7,17 Fairfield Dr,Short Hills,,,,NJ,07078-1702,,,,,Alexandra,Sartorius,7,26 Merrywood Ln,Short Hills,YES,Kensington,Shuttle- SH,NJ,07078-2220,,,,,Claire,Sartorius,4,26 Merrywood Ln,Short Hills,,,,NJ,07078-2220,,,,,Jack,Sartorius,5,36 Oakley Ave,Summit,,,,NJ,07901-1718,,,,,Mae,Sartorius,K,26 Merrywood Ln,Short Hills,,,,NJ,07078-2220,,,,,Amanda,Saunders,10,44 Royal Oak Dr,Far Hills,,,,NJ,07931-2569,,,,,Sydney,Saunders,10,3 Chesterfield Dr,Warren,,,,NJ,07059-6773,,,,,Samuel,Scherl,12,285 N Ridgewood Rd,South Orange,,,,NJ,07079-1503,,,,,Max,Scherzer,11,30 Friar Ln,Watchung,,,,NJ,07069-6144,,,,,Avery,Schiffman,11,4370 River Garden Trl,Austin,,,,TX,78746-2015,,,,,James,Schiffman,12,15 Hobart Ave,Short Hills,,,,NJ,07078-2026,4370 River Garden Trl,,Austin,TX,78746-2015Daniel,Schnack,10,64 Hawthorne Ave,Glen Ridge,,,,NJ,07028-2025,,,,,Caroline,Schuessler,9,105 Jamestown Rd,Basking Ridge,YES,Kensington,3,NJ,07920-3048,1 Hartley Farms Rd,,Morristown,NJ,07960-7046John (Jack),Schuessler,11,105 Jamestown Rd,Basking Ridge,YES,Kensington,3,NJ,07920-3048,1 Hartley Farms Rd,,Morristown,NJ,07960-7046John,Schwarting,K,49 Adams Ave,Short Hills,,,,NJ,07078-3216,,,,,Thomas,Schwarting,2,49 Adams Ave,Short Hills,,,,NJ,07078-3216,,,,,Alyssa,Schwertfeger,9,11 Jeffrey Ln,Bridgewater,,,,NJ,08807-1405,,,,,Cynthia,Scott,11,170 Post Kennel Rd,Far Hills,,,,NJ,07931-2408,,,,,Varun,Seetamraju,10,18 Drysdale Ln,Bridgewater,,,,NJ,08807-2111,,,,,Nicols,Sendn,6,230 W Sumner Ave Apt 59C,Roselle Park,,,,NJ,07204-1268,101 King George Rd,,Warren,NJ,07059-6924Mihir,Seth,10,102 Lawrence Dr,Berkeley Heights,YES,Kensington,13,NJ,07922-1205,,,,,Anish,Seth,12,102 Lawrence Dr,Berkeley Heights,,,,NJ,07922-1205,,,,,Diana,Severineanu,7,14 Wilmington Dr,Nutley,,,,NJ,07110-3697,,,,,Vinav,Shah,4,12 Hadley Ct,Basking Ridge,YES,Kensington,Shuttle- BR,NJ,07920-4901,,,,,Aanav,Shah,K,9 Athens Rd,Short Hills,,,,NJ,07078-1311,,,,,Aanya,Shah,5,7 Homestead Rd,Edison,,,,NJ,08820-3041,,,,,Aashna,Shah,2,9 Athens Rd,Short Hills,YES,Millburn BOE,,NJ,07078-1311,,,,,Ainsli,Shah,6,65 Dorison Dr,Short Hills,YES,Millburn BOE,,NJ,07078-1727,,,,,Avidan,Shah,8,65 Dorison Dr,Short Hills,,,,NJ,07078-1727,,,,,Nikhil,Shah,1,2 Waters Edge Rd,Morristown,,,,NJ,07960-3358,,,,,Radhya,Shah,1,113 Tennyson Dr,Short Hills,,,,NJ,07078-1015,,,,,Rohnik,Shah,1,2 Waters Edge Rd,Morristown,,,,NJ,07960-3358,,,,,Samaya,Shah,2,7 Homestead Rd,Edison,,,,NJ,08820-3041,,,,,Vanya,Shah,4,113 Tennyson Dr,Short Hills,,,,NJ,07078-1015,,,,,Parker 'Jake',Shannon,8,256 Patriot Hill Dr,Basking Ridge,,,,NJ,07920-4218,2 Schindelar Woods Way,,Warren,NJ,07059-6851Shane,Shannon,9,1 Rue Chagall,Somerset,,,,NJ,08873-6477,,,,,Sidney,Shannon,11,256 Patriot Hill Dr,Basking Ridge,,,,NJ,07920-4218,2 Schindelar Woods Way,,Warren,NJ,07059-6851Christine,Shao,10,14 Oak Ln,Green Brook,,,,NJ,08812-1859,,,,,Kartikeya,Sharma,12,29 Winding Way,Short Hills,YES,Millburn BOE,,NJ,07078-2559,31 Exeter Rd,,Short Hills,NJ,07078-1429George,Shavel,6,29 Oak Ridge Ave,Summit,YES,Kensington,Summit Co-Op,NJ,07901-4305,,,,,Henry,Shavel,9,29 Oak Ridge Ave,Summit,YES,Kensington,Summit Co-Op,NJ,07901-4305,,,,,John,Shea,2,39 Sheffield Rd,Summit,,,,NJ,07901-3728,,,,,Katharine,Shea,4,39 Sheffield Rd,Summit,,,,NJ,07901-3728,,,,,Sana,Sheikh,11,1500 Mountain Top Rd,Bridgewater,,,,NJ,08807-1837,,,,,Annika,Shekdar,5,29 Ramapo Dr,Basking Ridge,YES,Kensington,Shuttle- BR,NJ,07920-4223,,,,,Lauren,Shelby,10,77 Midwood Ter,Madison,YES,MCESC,,NJ,07940-2737,,,,,Isabelle,Sheyfer,9,31 Westmount Dr,Livingston,,,,NJ,07039-4222,,,,,Holden,Shikany,10,21 Colt Rd,Summit,YES,Kensington,Summit Co-Op,NJ,07901-3002,,,,,Palmer,Shikany,8,21 Colt Rd,Summit,YES,Kensington,Summit Co-Op,NJ,07901-3002,,,,,Carson,Shilts,8,35 Meadow Ln,Flemington,,,,NJ,08822-1524,,,,,Joseph,Shilts,10,35 Meadow Ln,Flemington,,,,NJ,08822-1524,,,,,Madeleine,Shilts,12,35 Meadow Ln,Flemington,,,,NJ,08822-1524,,,,,Vared,Shmuler,6,2 Nottingham Dr,Florham Park,,,,NJ,07932-2260,,,,,Damilare,Shote,5,944 Lincoln Ave,Manville,,,,NJ,08835-2474,,,,,Oreoluwa,Shote,8,944 Lincoln Ave,Manville,,,,NJ,08835-2474,,,,,Aava,Shrestha,2,126 Fairfield Dr,Short Hills,,,,NJ,07078-1717,,,,,Dillon,Shu,10,7 Renshaw Dr,Montville,,,,NJ,07045-8912,,,,,Luca,Shum,6,31 Webster Ave,Summit,YES,Kensington,Summit Co-Op,NJ,07901-1525,,,,,Mia,Shum,8,31 Webster Ave,Summit,YES,Kensington,Summit Co-Op,NJ,07901-1525,,,,,Aaron,Simon,5,17 Spring House Ln,Morristown,,,,NJ,07960-7051,,,,,Allison,Simon,10,190 Knightsbridge,Watchung,,,,NJ,07069-6411,,,,,Isiah,Simon,9,20 Cope Ct,Hillsborough,,,,NJ,08844-4392,,,,,Jake,Simon,12,2 Lauriel Ct,Warren,,,,NJ,07059-5827,,,,,Mia,Simon,9,17 Spring House Ln,Morristown,YES,MCESC,,NJ,07960-7051,,,,,Nathan,Simon,7,2 Lauriel Ct,Warren,,,,NJ,07059-5827,,,,,Ta,Simon,11,2 Lauriel Ct,Warren,,,,NJ,07059-5827,,,,,Anika,Sinha,5,140 Knightsbridge,Watchung,,,,NJ,07069-6400,,,,,Ishaan,Sinha,2,140 Knightsbridge,Watchung,,,,NJ,07069-6400,,,,,Sydney,Sinins,4,6 Northern Dr,Short Hills,,,,NJ,07078-2824,,,,,Madeline,Skapper,9,70 Stockmar Dr,Basking Ridge,,,,NJ,07920-2514,,,,,Sophia,Smith,1,608 Robinson Ter,Union,YES,Kensington,Shuttle- BR,NJ,07083-7321,,,,,Julius,Smith,9,333 W End Rd,South Orange,YES,Kensington,8,NJ,07079-1445,,,,,Mariah,Smith,10,608 Robinson Ter,Union,YES,Kensington,10,NJ,07083-7321,,,,,Connor,Smith,11,610 Saint Marks Ave,Westfield,YES,UCESC,,NJ,07090-1346,913 Mountainview Cir,,Westfield,NJ,07090-3048John,Smith,12,40 Mendham Rd,Far Hills,,,,NJ,07931-2213,,,,,Kiara,Smith,12,33 Julie Ct,Somerset,,,,NJ,08873-4685,,,,,Marianne,Smith,9,610 Saint Marks Ave,Westfield,YES,UCESC,,NJ,07090-1346,913 Mountainview Cir,,Westfield,NJ,07090-3048Ryan,Smith,9,610 Saint Marks Ave,Westfield,YES,UCESC,,NJ,07090-1346,913 Mountainview Cir,,Westfield,NJ,07090-3048Shea,Smith,11,33 Hobart Ave,Short Hills,,,,NJ,07078-2026,,,,,Sophia,Smith,10,40 Mendham Rd,Far Hills,,,,NJ,07931-2213,,,,,Ulysses,Smith III,7,608 Robinson Ter,Union,YES,Kensington,10,NJ,07083-7321,,,,,Zoe,Snider,2,2 Henry St,West Orange,,,,NJ,07052-3692,,,,,Aarav,Sonthalia,4,"2 Cairnhill Circle, 1404 Cairnhill Crest",Singapore,,,,Singapore,229811,,,,,Leila,Souayah,4,220 N Chestnut St,Westfield,,,,NJ,07090-2411,,,,,Nora,Souayah,2,220 N Chestnut St,Westfield,,,,NJ,07090-2411,,,,,Lilly,Spacek,K,662 Bellerive Ct,Bridgewater,,,,NJ,08807-1618,,,,,Logan,Spacek,4,7 Green Valley Dr,Green Brook,,,,NJ,08812-2016,662 Bellerive Ct,,Bridgewater,NJ,08807-1618Tyler,Spacek,6,7 Green Valley Dr,Green Brook,,,,NJ,08812-2016,662 Bellerive Ct,,Bridgewater,NJ,08807-1618Brandon,Spellman,10,50 Whitenack Rd,Basking Ridge,,,,NJ,07920-2052,,,,,Spencer,Spellman,12,50 Whitenack Rd,Basking Ridge,,,,NJ,07920-2052,,,,,Nicholas,Spinelli,10,13 Joss Way,Millington,YES,Kensington,1,NJ,07946-1229,,,,,Nina,Srikanth,9,33 Ten Broek Ct,Bridgewater,,,,NJ,08807-5726,,,,,Mason,Stahl,9,1304 Spruce Hills Dr,Glen Gardner,YES,Kensington,3,NJ,08826-3712,65 Sycamore Ct,,Basking Ridge,NJ,07920-3111Matthew,Stanton,11,15 Drake Rd,Mendham,YES,Kensington,2,NJ,07945-1805,,,,,Emily,Stass,8,313 Greenfield Rd,Bridgewater,,,,NJ,08807-3714,228 Mount Horeb Rd,,Warren,NJ,07059-5627Kayla,Stass,11,313 Greenfield Rd,Bridgewater,,,,NJ,08807-3714,228 Mount Horeb Rd,,Warren,NJ,07059-5627William,Stearns,9,86 Knollwood Rd,Short Hills,YES,Millburn BOE,,NJ,07078-2834,,,,,Patrick,Stefurak,9,82 Liberty Corner Rd,Warren,,,,NJ,07059-6708,,,,,Dylan,Stein,10,14 Mattben Dr,Warren,,,,NJ,07059-7142,,,,,Raymond,Stein,4,8 Clinton Pl,Maplewood,,,,NJ,07040-2014,,,,,Joshua,Stevens,7,23 Harvey Dr,Short Hills,YES,Millburn BOE,,NJ,07078-1123,,,,,Caroline,Stillitano,12,510 Shackamaxon Dr,Westfield,,,,NJ,07090-3304,,,,,Myla,Stovall,11,24 Tenney Rd,West Orange,,,,NJ,07052-1317,,,,,Alexander,Strasser,10,6 Harmony Rd,Warren,,,,NJ,07059-5623,,,,,Wesley,Streicher,12,5 Kennaday Rd,Mendham,,,,NJ,07945-3221,,,,,Lukas,Strelecky,7,46 Broadview Ter,Chatham,YES,Kensington,1,NJ,07928-1834,,,,,Jewel,Strickland,11,4 Somerset St Apt 2A,Newark,,,,NJ,07103-4150,4 Somerset St Apt 2A,,Newark,NJ,07103-4150Michael,Sun,10,5 Wyndham Ct,Raritan,,,,NJ,08869-1131,,,,,Devin,Sunderam,1,9 Vose Ave Apt 309,South Orange,,,,NJ,07079-2054,,,,,Heba,Syed,12,12 Kingsbrook Ct,Mendham,,,,NJ,07945-2144,,,,,Stephen,Szepkouski,6,9 Holly Ridge Ct,Bernardsville,,,,NJ,07924-2810,,,,,Sebastian,Talarek,5,281 Douglas Rd,Far Hills,YES,Kensington,Shuttle- BR,NJ,07931-2519,,,,,Sonia,Talarek,9,281 Douglas Rd,Far Hills,,,,NJ,07931-2519,,,,,Sean,Tan,11,9 Trombley Dr,Livingston,,,,NJ,07039-2433,,,,,Thomas,Tarantino,12,18 Highland Dr,Summit,,,,NJ,07901-3109,,,,,Aditi,Tavan,7,32 Ridgewood Dr,Randolph,,,,NJ,07869-3754,,,,,Ketaki,Tavan,10,32 Ridgewood Dr,Randolph,,,,NJ,07869-3754,,,,,Jordan,Taylor,11,414 N Arlington Ave,East Orange,YES,Kensington,9,NJ,07017-3903,,,,,Kaley,Taylor,8,PO Box 531,Montville,YES,Kensington,9,NJ,07045-0531,,,,,Evan,Taylor,10,5 Stephen Crane Way,Morristown,,,,NJ,07960-2747,,,,,Lauren,Taylor,9,5 Stephen Crane Way,Morristown,,,,NJ,07960-2747,,,,,Mackinley,Taylor,12,1 Hildebrant Rd,Lebanon,,,,NJ,08833-4444,,,,,Olivia,Taylor,6,5 Stephen Crane Way,Morristown,,,,NJ,07960-2747,,,,,Joshua,Thau,9,300 Chestnut St,Bound Brook,,,,NJ,08805-1310,,,,,Kayla,Thau,12,300 Chestnut St,Bound Brook,,,,NJ,08805-1310,,,,,Christopher,Ticas,8,42 Sussex Rd,New Providence,,,,NJ,07974-2752,,,,,Stephanie,Ticas,6,42 Sussex Rd,New Providence,,,,NJ,07974-2752,,,,,Jared,Tiggs,11,412 Lawnridge Rd,Orange,YES,Kensington,7,NJ,07050-2023,,,,,Jack,Timko,10,108 Emily Rd,Far Hills,,,,NJ,07931-2581,,,,,Sydney,Tindall,9,54 Whiteoak Dr,South Orange,,,,NJ,07079-1008,,,,,Nicole,Toney,10,157 Mitchell St,West Orange,,,,NJ,07052-4514,,,,,Simone,Toney,10,157 Mitchell St,West Orange,,,,NJ,07052-4514,,,,,James,Topor,12,39 Spring Garden Dr,Madison,YES,MCESC,,NJ,07940-2253,,,,,Benjamin,Tran,5,45 Geiger Ln,Warren,YES,Kensington,Shuttle- BR,NJ,07059-5641,,,,,Paige,Travers,4,63 Geiger Ln,Warren,YES,Kensington,Shuttle- BR,NJ,07059-6949,,,,,Ryan,Travers,6,63 Geiger Ln,Warren,,,,NJ,07059-6949,,,,,Katherine,Trejo,12,176 Johnson Ave Fl 1,Newark,YES,Kensington,10,NJ,07108-2709,,,,,Mariam,Trichas,11,6 Carnegie Pl,Basking Ridge,,,,NJ,07920-3740,,,,,Zachariya,Trichas,10,6 Carnegie Pl,Basking Ridge,,,,NJ,07920-3740,,,,,Madison,Truesdale,9,48 Drake Rd,Somerset,,,,NJ,08873-2304,,,,,Wallace,Truesdale,11,48 Drake Rd,Somerset,,,,NJ,08873-2304,,,,,Emily,Tung,12,137 Woodman Ln,Basking Ridge,,,,NJ,07920-2945,,,,,Melissa,Tungare,11,501 James St,Morristown,,,,NJ,07960-7092,,,,,John,Twilley,5,56 Barchester Way,Westfield,,,,NJ,07090-3742,,,,,Justin,Uberoi,9,12 Willow Woods Trl,Warren,,,,NJ,07059-5565,,,,,Amanda,Van Orden,12,31 Beech Dr,Morris Plains,,,,NJ,07950-2401,,,,,Nicole,Vanasse,9,1091 Mayflower Ct,Martinsville,,,,NJ,08836-2326,,,,,Mason,Vance,5,9 Wade Dr,Summit,,,,NJ,07901-1606,,,,,Rohan,Variankaval,5,11 Hart Dr N,South Orange,,,,NJ,07079-1533,,,,,Christopher,Varvaro,12,27 Apple Tree Ln,Warren,,,,NJ,07059-5660,,,,,Benjamin,Vazquez,11,117 Basking Ridge Rd,Millington,,,,NJ,07946-1429,,,,,Lucas,Vazquez,10,117 Basking Ridge Rd,Millington,,,,NJ,07946-1429,,,,,Emily,Vella,10,12 Presidents Dr,Bridgewater,,,,NJ,08807-6102,,,,,Alison,Verdesca,11,1 Calais Rd,Mendham,,,,NJ,07945-2208,,,,,Michael,Vessa,10,171 Mount Harmony Rd,Bernardsville,,,,NJ,07924-2014,,,,,Alexander,Vilarin,8,430 Everson Pl,Westfield,,,,NJ,07090-3230,,,,,Olivia,Virzi,11,1218 Martinsville Rd,Basking Ridge,,,,NJ,07920-4102,40 Kingswood Rd,,Branchburg,NJ,08876-7429Anton,Volchenkov,7,7 W Beechcroft Rd,Short Hills,,,,NJ,07078-1637,,,,,Victor,Vollbrechthausen,11,1211 Sedgewick Ave,Westfield,YES,UCESC,,NJ,07090-3724,,,,,Ronan,Wall,3,75 Norwood Ave Apt D,Summit,,,,NJ,07901-1939,,,,,Sharis,Walthour,4,323 Montrose Ave,South Orange,,,,NJ,07079-2438,,,,,Christopher,Waltzinger,9,20 Sweetbriar Rd,Summit,YES,Kensington,Summit Co-Op,NJ,07901-3256,,,,,Gavin,Wang,6,1241 Rahway Rd,Scotch Plains,YES,UCESC,,NJ,07076-3409,,,,,Grace,Wang,8,1241 Rahway Rd,Scotch Plains,YES,UCESC,,NJ,07076-3409,,,,,James,Wang,9,187 Woodland Ave,Summit,YES,Kensington,Summit Co-Op,NJ,07901-1645,,,,,Jamie,Wang,9,12 Stoningham Dr,Warren,,,,NJ,07059-6740,,,,,Kyle,Wang,5,59 Canoe Brook Pkwy,Summit,,,,NJ,07901-1401,,,,,Sean,Wang,12,8 Raspberry Trl,Warren,,,,NJ,07059-7053,,,,,Elodie,Wardle,7,27 Beacon Hill Dr,Chester,,,,NJ,07930-3013,,,,,Caroline,Wargo,9,415 Hillside Ave,Westfield,YES,UCESC,,NJ,07090-2902,,,,,Jada,Watson,5,47 Eastern Pkwy,Newark,,,,NJ,07106-2308,,,,,Victoria,Watson,12,100 N Martine Ave,Fanwood,,,,NJ,07023-1330,,,,,Maxwell,Watzky,6,38 Hartshorn Dr,Short Hills,YES,Millburn BOE,,NJ,07078-1632,,,,,Andrew,Weaver,11,420 Spruce St,Roselle Park,YES,Kensington,11,NJ,07204-2149,,,,,Alexandra,Weber,9,37 Quail Run,Warren,,,,NJ,07059-7149,,,,,Michael,Weber,11,37 Quail Run,Warren,,,,NJ,07059-7149,,,,,Maeve,Webster,2,116 Cherry Ave,Bound Brook,YES,Kensington,Shuttle- BR,NJ,08805-1324,,,,,Maisy,Webster,5,116 Cherry Ave,Bound Brook,YES,Kensington,Shuttle- BR,NJ,08805-1324,,,,,Michael,Webster,2,116 Cherry Ave,Bound Brook,YES,Kensington,Shuttle- BR,NJ,08805-1324,,,,,Lila,Weckesser,4,28 Morris Ave Apt Q,Summit,,,,NJ,07901-3995,,,,,Brynn,Weisholtz,9,36 Rambling Dr,Scotch Plains,,,,NJ,07076-2955,,,,,Jacob,Weiss,12,13 Coventry Rd,Livingston,,,,NJ,07039-5105,,,,,Jason,Weiss,11,1 Cleveland Rd,Summit,YES,Kensington,Summit Co-Op,NJ,07901-3030,,,,,Kaitlin,Weiss,8,1 Cleveland Rd,Summit,YES,Kensington,Summit Co-Op,NJ,07901-3030,,,,,Sophia,Weldon,11,102 Golf Edge Dr,Westfield,YES,UCESC,,NJ,07090-1804,,,,,Thomas,Weldon,6,76 Colt Rd,Summit,YES,Kensington,Summit Co-Op,NJ,07901-3041,,,,,Robert,Weldon IV,7,102 Golf Edge Dr,Westfield,YES,UCESC,,NJ,07090-1804,,,,,Collin,Wen,9,4 Hadrian Dr,Livingston,YES,Millburn BOE,,NJ,07039-3418,,,,,Evan,Wen,6,4 Hadrian Dr,Livingston,YES,Millburn BOE,,NJ,07039-3418,,,,,Samuel,Wexler,7,545 Hort St,Westfield,YES,UCESC,,NJ,07090-4161,,,,,Veronica,Williams,10,39 Westminster Ter,West Orange,YES,Kensington,6,NJ,07052-2735,,,,,Allison,Williams,7,26 Linden Pl,Summit,YES,Kensington,Summit Co-Op,NJ,07901-3475,,,,,Samuel,Williams,9,26 Linden Pl,Summit,YES,Kensington,Summit Co-Op,NJ,07901-3475,,,,,Tyler,Williams,11,64 Glenview Rd,South Orange,,,,NJ,07079-1057,,,,,Ryan,Willsey,11,57 Fernwood Rd,Summit,YES,Kensington,Summit Co-Op,NJ,07901-2955,,,,,Delilah,Winell,2,25 Van Kirk Rd,Princeton,,,,NJ,08540-4214,,,,,Augusta KaMaileOnaOna,Winterbottom,8,144 Forest Dr,Short Hills,YES,Millburn BOE,,NJ,07078-3244,,,,,Penelope,Winterbottom,6,144 Forest Dr,Short Hills,YES,Millburn BOE,,NJ,07078-3244,,,,,Thomas,Wolf,9,19 Runnymede Rd,Chatham,,,,NJ,07928-1325,,,,,Jack,Wolfson,12,95 Emerald Valley Ln,Basking Ridge,,,,NJ,07920-3442,,,,,Owen,Wolfson,11,36 Spring Brook Rd,Morristown,YES,MCESC,,NJ,07960-6320,,,,,Alex,Wong,4,6 Skyview Ter,Stirling,YES,Kensington,Shuttle- BR,NJ,07980-1215,,,,,Andrew,Wong,7,6 Skyview Ter,Stirling,,,,NJ,07980-1215,,,,,Riley,Wong,2,930 Tice Pl,Westfield,,,,NJ,07090-2629,,,,,Sonia,Wong,12,4 Tennyson Ct,Morristown,YES,MCESC,,NJ,07960-6448,,,,,Anna,Wood,11,34 Linden Ln,Chatham,YES,MCESC,,NJ,07928-1622,,,,,Henry,Wood,8,34 Linden Ln,Chatham,YES,MCESC,,NJ,07928-1622,,,,,John,Woodbury,6,30 Robert Dr,Short Hills,YES,Millburn BOE,,NJ,07078-1507,,,,,Julia,Woodbury,4,30 Robert Dr,Short Hills,,,,NJ,07078-1507,,,,,Sydney,Woode,12,350 N Wyoming Ave,South Orange,,,,NJ,07079-1651,,,,,Joshua,Woodford,5,2078 Pleasant Pkwy,Union,,,,NJ,07083-4346,,,,,Cameron,Wright,11,25 Dorchester Rd,Summit,,,,NJ,07901-3005,,,,,Allen,Wu,7,55 Huntley Way,Bridgewater,,,,NJ,08807-5567,,,,,Matthew,Wu,2,107 Woodfield Dr,Short Hills,,,,NJ,07078-1611,,,,,Qida,Wu,9,"Rm.1303, No.8, 457 Fahuazhen Rd.Changning District",Shanghai,,,,SHANGHAI,200052,,,,,Ella,Wunderlich,4,102 York St,Jersey City,,,,NJ,07302-3759,488 Fairmount Ave,,Chatham,NJ,07928-1327Jeffrey,Xiao,10,4 Carriage Ct,Warren,,,,NJ,07059-5182,,,,,Katherine,Xie,7,138 Hill Hollow Rd,Watchung,,,,NJ,07069-6442,,,,,Jason,Xiong,8,8 Sally Ct,Bridgewater,,,,NJ,08807-5600,,,,,Leo,Xu,6,10 Honeyman Rd,Basking Ridge,,,,NJ,07920-3820,,,,,Daniel,Yanez,7,155 Tennyson Dr,Short Hills,YES,Millburn BOE,,NJ,07078-1015,,,,,Thomas,Yanez,5,155 Tennyson Dr,Short Hills,,,,NJ,07078-1015,,,,,Cassandra,Yermack,10,9 Weathervane Dr,Morristown,,,,NJ,07960-4758,,,,,Warren,Yermack,12,9 Weathervane Dr,Morristown,,,,NJ,07960-4758,,,,,Kimberly,Young,9,3 S Mountain Ter,Montclair,,,,NJ,07042-1724,,,,,Jonathan,Younghans,9,1372 Outlook Dr,Mountainside,YES,UCESC,,NJ,07092-1413,,,,,Christopher,Yu,10,6 Boxwood Way,Warren,,,,NJ,07059-6858,,,,,Lauren,Yu,11,4 Sunset Rd,Mountain Lakes,,,,NJ,07046-1512,,,,,Robert,Yu,9,4 Sunset Rd,Mountain Lakes,,,,NJ,07046-1512,,,,,Melissa,Yuan,5,366 Oxford Dr,Short Hills,,,,NJ,07078-1929,,,,,Christopher,Zachary,10,59 Lenox Rd,Summit,YES,Kensington,Summit Co-Op,NJ,07901-3704,,,,,Margaret,Zachary,7,59 Lenox Rd,Summit,YES,Kensington,Summit Co-Op,NJ,07901-3704,,,,,Edward,Zanelli,12,120 Oak Ridge Ave,Summit,,,,NJ,07901-4316,,,,,Hugh,Zanelli,9,120 Oak Ridge Ave,Summit,,,,NJ,07901-4316,,,,,Alessia,Zanobini,10,121 Pleasantville Rd,New Vernon,YES,MCESC,,NJ,07976-9700,,,,,Francesca,Zarbin,5,26 Sunset Dr,Chatham,,,,NJ,07928-1243,,,,,Isabel,Zarbin,5,26 Sunset Dr,Chatham,,,,NJ,07928-1243,,,,,Nicolas,Zarbin,7,26 Sunset Dr,Chatham,YES,MCESC,,NJ,07928-1243,,,,,Ivalyn,Zhang,3,1260 Crim Rd,Bridgewater,YES,Kensington,Shuttle- BR,NJ,08807-2350,,,,,Hansen,Zhang,5,18 Durant Ave,Holmdel,YES,Kensington,Shuttle- BR,NJ,07733-2735,,,,,Eric,Zhang,6,1260 Crim Rd,Bridgewater,,,,NJ,08807-2350,,,,,Hugh,Zhang,8,10 Paisley Ln,Basking Ridge,,,,NJ,07920-3735,,,,,Jennifer,Zhang,12,23 Totten Dr,Bridgewater,,,,NJ,08807-2492,,,,,Julianna,Zhang,2,6 Aspen Cir,Edison,,,,NJ,08820-2831,,,,,Rachel,Zhang,6,23 Totten Dr,Bridgewater,,,,NJ,08807-2492,,,,,William,Zhang,11,8 David Dr,Whippany,,,,NJ,07981-1367,,,,,Alan,Zhong,5,32 Watchung Dr,Basking Ridge,YES,Kensington,Shuttle- BR,NJ,07920-4240,,,,,Benjamin,Zhou,12,10 Stonehenge Terrace,Livingston,,,,NJ,07039,49 Woodcrest Dr,,New Providence,NJ,07974-2623Leonard,Zhu,10,99 Briarwood Dr W,Warren,,,,NJ,07059-2725,,,,,Penelope,Zigmont,1,43 Beekman Ter,Summit,,,,NJ,07901-1701,,,,,Jeffrey,Zucker,12,408 Long Hill Dr,Short Hills,,,,NJ,07078-1250,,,,,James,Zusi,11,69 Hobart Ave,Summit,,,,NJ,07901-2808,,,,,,,,,,,,,,,,,,,,,,,,,,,,,,,,,,,,,,,,,,,,,,,